TradDt,BizDt,Sgmt,Src,FinInstrmTp,FinInstrmId,ISIN,SYMBOL,SERIES,XpryDt,FininstrmActlXpryDt,StrkPric,OptnTp,NAME,OPEN,HIGH,LOW,CLOSE,LAST,PREVCLOSE,UndrlygPric,SttlmPric,OpnIntrst,ChngInOpnIntrst,VOLUME,VALUE,TtlNbOfTxsExctd,SsnId,NewBrdLotQty,Rmks,Rsvd1,Rsvd2,Rsvd3,Rsvd4,Segment,Industry,Nifty500,Pivot,BC,TC,CPR_Top,CPR_Bottom,CPR_Width,CPR_Width_Pct,CPR_Class,Bias,Price_Position,Bullish_CPR,Bearish_CPR,Width_Rank_Pct,History_Days,Value_60d,Overlay,History_OK,Regime,Own_Narrow,ATR14,SMA50,SMA100,Width_ATR,Value_Ratio,Above_SMA50,Above_SMA100,Setup,Signal_Direction,Signal_Score,Signal_Grade,Signal_Explanation,Strategy_Type,Strategy_Setup,Strategy_Confirmation,Strategy_Explanation,Daily_Signal,Weekly_Signal,Monthly_Signal,Confluence_Score
2026-09-15,2026-09-15,CM,NSE,STK,758941,INE0P6P01016,CPEDU,EQ,,,,,CAREER POINT EDUTECH LTD,178.1,180.0,174.0,176.34,176.1,177.74,,176.34,,,1860,329758.75,62,F1,1,,,,,,Cash Only,Unclassified,False,176.78,177.0,176.56,177.0,176.56,0.4399999999999977,0.24951797663604272,Narrow,Bearish,Below CPR,False,True,0.25,60,1300506.7,Lower,True,Risk Off,True,9.576428571428577,196.206,194.12980000000005,0.04594614753486958,0.2535617463562472,False,False,No setup,Neutral,0,Not applicable,No directional setup; confirmation score not applicable.,Narrow CPR,Not applicable,Not applicable,Narrow CPR; Wide CPR rules not applied,0,0,0,0
2026-09-15,2026-09-15,CM,NSE,STK,761814,INE887D01024,TCC,EQ,,,,,TCC CONCEPT LIMITED,56.0,57.3,52.36,54.63,54.21,55.32,,54.63,,,3680305,201173866.42,19807,F1,1,,,,,,Cash Only,Unclassified,False,54.76333333333333,54.83,54.69666666666666,54.83,54.69666666666666,0.13333333333333997,0.24406614192447362,Narrow,Bearish,Below CPR,False,True,0.15,60,9744462.225000001,Lower,True,Risk Off,True,25.34071428571428,241.426,302.267,0.005261624902519265,20.644942919874673,False,False,No setup,Neutral,0,Not applicable,No directional setup; confirmation score not applicable.,Narrow CPR,Not applicable,Not applicable,Narrow CPR; Wide CPR rules not applied,0,0,0,0
2026-09-15,2026-09-15,CM,NSE,STK,17400,INE848E01016,NHPC,EQ,,,,,NHPC LTD,76.55,77.07,75.56,76.04,76.04,76.38,,76.04,,,8558617,651457004.66,42881,F1,1,,,,,,F&O + Cash,Power,True,76.22333333333334,76.315,76.13166666666669,76.315,76.13166666666669,0.1833333333333087,0.24110117482023763,Narrow,Bearish,Below CPR,False,True,0.45,60,743211908.22,Lower,True,Risk Off,False,1.481428571428569,77.7054,78.1139,0.12375441980069074,0.8765427429980852,False,False,No setup,Neutral,0,Not applicable,No directional setup; confirmation score not applicable.,Narrow CPR,Not applicable,Not applicable,Narrow CPR; Wide CPR rules not applied,0,0,0,0
2026-09-15,2026-09-15,CM,NSE,STK,6125,INE127I01024,GOODLUCK,EQ,,,,,GOODLUCK INDIA LIMITED,520.0,528.7,513.35,519.15,520.95,516.85,,519.14,,,708900,369236034.9,24519,F1,1,,,,,,Cash Only,Unclassified,False,520.4000000000001,521.0250000000001,519.7750000000001,521.0250000000001,519.7750000000001,1.25,0.24077819512664933,Narrow,Bearish,Below CPR,False,True,0.23333333333333334,60,279948666.9,Higher,True,Risk Off,True,23.65357142857142,1141.845,1250.3645,0.052846142231617106,1.318941929564159,False,False,No setup,Neutral,0,Not applicable,No directional setup; confirmation score not applicable.,Narrow CPR,Not applicable,Not applicable,Narrow CPR; Wide CPR rules not applied,0,0,0,0
2026-09-15,2026-09-15,CM,NSE,STK,28906,INE040D01038,MAYURUNIQ,EQ,,,,,MAYUR UNIQUOTERS LTD,743.3,770.75,725.0,745.2,741.0,740.05,,745.2,,,314452,236809049.55,14427,F1,1,,,,,,Cash Only,Unclassified,False,746.9833333333332,747.875,746.0916666666665,747.875,746.0916666666665,1.7833333333335304,0.23930935766687203,Narrow,Bearish,Below CPR,False,True,0.16666666666666666,60,68053290.1,Overlapping,True,Risk Off,True,28.86785714285715,773.586,744.3385000000001,0.06177574332962865,3.479759012415478,False,True,No setup,Neutral,0,Not applicable,No directional setup; confirmation score not applicable.,Narrow CPR,Not applicable,Not applicable,Narrow CPR; Wide CPR rules not applied,0,0,-2,-2
2026-09-15,2026-09-15,CM,NSE,STK,20878,INE220Q01020,MUFTI,EQ,,,,,CREDO BRANDS MARKETING L,73.0,73.5,72.0,72.49,72.26,72.78,,72.49,,,57214,4166795.18,820,F1,1,,,,,,Cash Only,Unclassified,False,72.66333333333334,72.75,72.57666666666668,72.75,72.57666666666668,0.1733333333333178,0.23911344093436032,Narrow,Bearish,Below CPR,False,True,0.35,60,6583257.245,Lower,True,Risk Off,False,2.6407142857142865,80.2248,82.3652,0.06563880623928722,0.6329382287415081,False,False,No setup,Neutral,0,Not applicable,No directional setup; confirmation score not applicable.,Narrow CPR,Not applicable,Not applicable,Narrow CPR; Wide CPR rules not applied,0,0,0,0
2026-09-15,2026-09-15,CM,NSE,STK,13288,INE00ZE01026,AFSL,EQ,,,,,ABANS FINANCIAL SRVCS LTD,201.95,202.5,201.0,201.03,201.0,201.0,,201.02,,,7901,1588559.64,98,F1,1,,,,,,Cash Only,Unclassified,False,201.51,201.75,201.26999999999998,201.75,201.26999999999998,0.4800000000000182,0.2387703327861604,Narrow,Bearish,Below CPR,False,True,0.5333333333333333,60,1265916.225,Overlapping,True,Risk Off,False,6.281428571428573,203.03199999999998,202.30450000000002,0.07641573800318686,1.2548694839581505,False,False,No setup,Neutral,0,Not applicable,No directional setup; confirmation score not applicable.,Narrow CPR,Not applicable,Not applicable,Narrow CPR; Wide CPR rules not applied,0,0,0,0
2026-09-15,2026-09-15,CM,NSE,STK,762568,INE177C01022,BATLIBOI,EQ,,,,,BATLIBOI LTD.,86.0,86.0,82.5,83.95,83.0,85.91,,83.99,,,26108,2210644.26,485,F1,1,,,,,,Cash Only,Unclassified,False,84.14999999999999,84.25,84.04999999999998,84.25,84.04999999999998,0.20000000000001705,0.23823704586065164,Narrow,Bearish,Below CPR,False,True,0.13333333333333333,60,2307736.8049999997,Lower,True,Risk Off,True,4.15785714285714,86.39219999999999,83.55570000000002,0.04810170073870882,0.957927375084699,False,True,No setup,Neutral,0,Not applicable,No directional setup; confirmation score not applicable.,Narrow CPR,Not applicable,Not applicable,Narrow CPR; Wide CPR rules not applied,0,0,0,0
2026-09-15,2026-09-15,CM,NSE,STK,13814,INE0BTI01037,KAMOPAINTS,EQ,,,,,KAMDHENU VENTURES LIMITED,4.45,4.45,4.02,4.22,4.26,4.33,,4.22,,,295047,1246537.53,878,F1,1,,,,,,Cash Only,Unclassified,False,4.2299999999999995,4.234999999999999,4.225,4.234999999999999,4.225,0.009999999999999787,0.23696682464454472,Narrow,Bearish,Below CPR,False,True,0.36666666666666664,60,933650.54,Lower,True,Risk Off,False,0.20500000000000007,4.5584,4.7858,0.04878048780487699,1.3351221646591669,False,False,No setup,Neutral,0,Not applicable,No directional setup; confirmation score not applicable.,Narrow CPR,Not applicable,Not applicable,Narrow CPR; Wide CPR rules not applied,0,0,0,0
2026-09-15,2026-09-15,CM,NSE,STK,4934,INE0D6701023,IPL,EQ,,,,,INDIA PESTICIDES LIMITED,134.1,134.28,132.01,132.68,132.78,133.69,,132.58,,,99694,13229396.67,1586,F1,1,,,,,,Cash Only,Unclassified,False,132.98999999999998,133.14499999999998,132.83499999999998,133.14499999999998,132.83499999999998,0.3100000000000023,0.23364485981308583,Narrow,Bearish,Below CPR,False,True,0.3333333333333333,60,17202506.939999998,Lower,True,Risk Off,False,2.5692857142857144,144.9332,153.2872,0.12065610230747933,0.7690388799808269,False,False,No setup,Neutral,0,Not applicable,No directional setup; confirmation score not applicable.,Narrow CPR,Not applicable,Not applicable,Narrow CPR; Wide CPR rules not applied,0,0,0,0
2026-09-15,2026-09-15,CM,NSE,STK,14562,INE318D01020,ZENITHSTL,EQ,,,,,ZENITH STEEL PIP IND LTD,5.95,5.95,5.51,5.71,5.8,5.85,,5.71,,,54663,317060.85,295,F1,1,,,,,,Cash Only,Unclassified,False,5.723333333333334,5.73,5.716666666666667,5.73,5.716666666666667,0.013333333333333641,0.2335084646818501,Narrow,Bearish,Below CPR,False,True,0.15,60,331734.58,Lower,True,Risk Off,True,0.40428571428571436,5.564,5.7775,0.032979976442874724,0.9557666553785257,True,False,No setup,Neutral,0,Not applicable,No directional setup; confirmation score not applicable.,Narrow CPR,Not applicable,Not applicable,Narrow CPR; Wide CPR rules not applied,0,0,0,0
2026-09-15,2026-09-15,CM,NSE,STK,765160,INE555C01029,SHIVACEM,EQ,,,,,SHIVA CEMENT LTD.,16.29,16.29,15.6,15.89,15.71,15.95,,15.85,,,43700,698841.82,286,F1,1,,,,,,Cash Only,Unclassified,False,15.926666666666668,15.945,15.908333333333335,15.945,15.908333333333335,0.03666666666666529,0.2307530941892089,Narrow,Bearish,Below CPR,False,True,0.2857142857142857,21,779183.72,Higher,True,Risk Off,False,0.8107142857142859,,,0.04522760646108493,0.8968896578075322,False,False,No setup,Neutral,0,Not applicable,No directional setup; confirmation score not applicable.,Narrow CPR,Not applicable,Not applicable,Narrow CPR; Wide CPR rules not applied,0,0,0,0
2026-09-15,2026-09-15,CM,NSE,STK,21428,INF277KA1984,TATSILV,EQ,,,,,TATAAML-TATSILV,21.94,21.99,21.72,21.78,21.83,21.99,,21.78,,,30441996,665512706.96,69384,F1,1,,,,,,Cash Only,Unclassified,False,21.83,21.854999999999997,21.805,21.854999999999997,21.805,0.04999999999999716,0.22956841138658013,Narrow,Bearish,Below CPR,False,True,0.31666666666666665,60,982445001.975,Lower,True,Risk Off,False,0.7321428571428571,22.0022,22.9487,0.06829268292682539,0.677404542363314,False,False,No setup,Neutral,0,Not applicable,No directional setup; confirmation score not applicable.,Narrow CPR,Not applicable,Not applicable,Narrow CPR; Wide CPR rules not applied,0,0,0,0
2026-09-15,2026-09-15,CM,NSE,STK,758748,INE0PKD01011,MEIL,EQ,,,,,MANGAL ELECTRICAL IND L,280.7,284.0,271.0,276.55,275.0,282.1,,276.58,,,57165,15813365.55,1243,F1,1,,,,,,Cash Only,Unclassified,False,277.18333333333334,277.5,276.8666666666667,277.5,276.8666666666667,0.6333333333333258,0.22901223407460702,Narrow,Bearish,Below CPR,False,True,0.11666666666666667,60,15740481.39,Lower,True,Risk Off,True,11.932142857142853,278.1836,268.4365,0.05307792078220032,1.004630364103496,False,True,No setup,Neutral,0,Not applicable,No directional setup; confirmation score not applicable.,Narrow CPR,Not applicable,Not applicable,Narrow CPR; Wide CPR rules not applied,0,0,0,0
2026-09-15,2026-09-15,CM,NSE,STK,762563,INE704G01024,BAJAJST,EQ,,,,,BAJAJ STEEL INDS. LTD.,370.0,370.0,363.1,365.3,365.1,365.65,,365.21,,,7410,2711512.15,376,F1,1,,,,,,Cash Only,Unclassified,False,366.1333333333334,366.55,365.71666666666675,366.55,365.71666666666675,0.8333333333332575,0.22812300392369492,Narrow,Bearish,Below CPR,False,True,0.25,60,4097527.825,Higher,True,Risk Off,True,12.282142857142844,377.645,393.32849999999996,0.06784918096345227,0.6617434379472457,False,False,No setup,Neutral,0,Not applicable,No directional setup; confirmation score not applicable.,Narrow CPR,Not applicable,Not applicable,Narrow CPR; Wide CPR rules not applied,0,0,0,0
2026-09-15,2026-09-15,CM,NSE,STK,10599,INE844O01030,GUJENERGY,EQ,,,,,GUJARAT ENERGY LIMITED,241.98,246.8,241.98,243.56,244.5,241.59,,243.56,,,1350191,330660131.86,40361,F1,1,,,,,,Cash Only,Unclassified,False,244.11333333333332,244.39,243.83666666666664,244.39,243.83666666666664,0.5533333333333417,0.22718563529862934,Narrow,Bearish,Below CPR,False,True,0.29545454545454547,44,330551539.38,Inside,True,Risk Off,False,7.485000000000001,,,0.07392562903585058,1.0003285190569788,False,False,No setup,Neutral,0,Not applicable,No directional setup; confirmation score not applicable.,Narrow CPR,Not applicable,Not applicable,Narrow CPR; Wide CPR rules not applied,0,0,0,0
2026-09-15,2026-09-15,CM,NSE,STK,19322,INE598C01011,HISARMETAL,EQ,,,,,HISAR METAL IND. LIMITED,157.2,158.9,153.22,155.53,156.0,157.2,,155.53,,,327,50940.45,36,F1,1,,,,,,Cash Only,Unclassified,False,155.88333333333333,156.06,155.70666666666665,156.06,155.70666666666665,0.35333333333335304,0.2271801796009471,Narrow,Bearish,Below CPR,False,True,0.16666666666666666,60,172769.53499999997,Lower,True,Risk Off,True,7.156428571428568,152.9768,152.8861,0.049372858236021014,0.2948462528419724,True,True,No setup,Neutral,0,Not applicable,No directional setup; confirmation score not applicable.,Narrow CPR,Not applicable,Not applicable,Narrow CPR; Wide CPR rules not applied,0,0,0,0
2026-09-15,2026-09-15,CM,NSE,STK,6858,INE506Z01015,DHRUV,EQ,,,,,DHRUV CONSULTANCY SER LTD,22.0,22.93,21.5,22.14,21.76,21.84,,22.14,,,3779,83333.44,51,F1,1,,,,,,Cash Only,Unclassified,False,22.189999999999998,22.215,22.164999999999996,22.215,22.164999999999996,0.05000000000000426,0.22583559168926948,Narrow,Bearish,Below CPR,False,True,0.2,60,367034.14,Inside,True,Risk Off,True,1.1242857142857143,28.996,30.7004,0.044472681067348134,0.22704547320856855,False,False,No setup,Neutral,0,Not applicable,No directional setup; confirmation score not applicable.,Narrow CPR,Not applicable,Not applicable,Narrow CPR; Wide CPR rules not applied,0,0,0,0
2026-09-15,2026-09-15,CM,NSE,STK,19556,INE474E01029,BHANDARI,EQ,,,,,BHANDARI HOSIERY EXP LTD,3.0,3.04,2.98,3.0,3.0,3.0,,3.0,,,141743,426299.32,228,F1,1,,,,,,Cash Only,Unclassified,False,3.0066666666666664,3.01,3.003333333333333,3.01,3.003333333333333,0.006666666666666821,0.22222222222222734,Narrow,Bearish,Below CPR,False,True,0.15833333333333333,60,1192287.065,Overlapping,True,Risk Off,True,0.09571428571428567,3.1218,3.2701,0.06965174129353398,0.35754755084925793,False,False,No setup,Neutral,0,Not applicable,No directional setup; confirmation score not applicable.,Narrow CPR,Not applicable,Not applicable,Narrow CPR; Wide CPR rules not applied,0,0,0,0
2026-09-15,2026-09-15,CM,NSE,STK,4771,INE911B01018,TCIFINANCE,EQ,,,,,TCI FINANCE LTD,15.94,15.94,14.2,15.02,15.18,15.01,,14.91,,,20473,306500.59,172,F1,1,,,,,,Cash Only,Unclassified,False,15.053333333333333,15.07,15.036666666666665,15.07,15.036666666666665,0.03333333333333499,0.22192632046161778,Narrow,Bearish,Below CPR,False,True,0.13333333333333333,60,339193.41500000004,Lower,True,Risk Off,True,2.1092857142857144,14.5886,13.3674,0.01580313805169962,0.9036159796911152,True,True,No setup,Neutral,0,Not applicable,No directional setup; confirmation score not applicable.,Narrow CPR,Not applicable,Not applicable,Narrow CPR; Wide CPR rules not applied,0,0,0,0
2026-09-15,2026-09-15,CM,NSE,STK,3918,INE987B01026,NATCOPHARM,EQ,,,,,NATCO PHARMA LTD.,816.95,831.45,812.3,819.15,816.1,815.35,,819.14,,,434634,356360767.0,31839,F1,1,,,,,,Cash Only,Healthcare,True,820.9666666666667,821.875,820.0583333333334,821.875,820.0583333333334,1.816666666666606,0.22177460375591845,Narrow,Bearish,Below CPR,False,True,0.31666666666666665,60,313496846.05,Higher,True,Risk Off,False,19.178571428571438,902.7180000000001,961.056,0.09472377405337978,1.1367283961228867,False,False,No setup,Neutral,0,Not applicable,No directional setup; confirmation score not applicable.,Narrow CPR,Not applicable,Not applicable,Narrow CPR; Wide CPR rules not applied,0,0,0,0
2026-09-15,2026-09-15,CM,NSE,STK,13776,INE017A01032,GESHIP,EQ,,,,,THE GE SHPG.LTD,1415.0,1415.0,1375.0,1390.4,1379.8,1412.2,,1390.79,,,1189720,1664557285.9,73431,F1,1,,,,,,Cash Only,Services,True,1393.4666666666665,1395.0,1391.933333333333,1395.0,1391.933333333333,3.066666666667061,0.22056003068664126,Narrow,Bearish,Below CPR,False,True,0.16666666666666666,60,821004340.05,Lower,True,Risk Off,True,34.578571428571436,1362.2520000000002,1431.795,0.0886869104179691,2.027464660903774,True,False,No setup,Neutral,0,Not applicable,No directional setup; confirmation score not applicable.,Narrow CPR,Not applicable,Not applicable,Narrow CPR; Wide CPR rules not applied,0,0,0,0
2026-09-15,2026-09-15,CM,NSE,STK,23553,INE206F01022,AIIL,EQ,,,,,AUTHUM INVEST & INFRA LTD,539.0,539.0,524.2,529.85,531.9,544.35,,529.85,,,279515,148758420.05,14196,F1,1,,,,,,Cash Only,Financial Services,True,531.0166666666668,531.6,530.4333333333335,531.6,530.4333333333335,1.166666666666515,0.22018810355129093,Narrow,Bearish,Below CPR,False,True,0.26666666666666666,60,136241611.77499998,Overlapping,True,Risk Off,False,21.707142857142856,543.4839999999999,521.43,0.053745749698358714,1.0918721388563082,False,True,No setup,Neutral,0,Not applicable,No directional setup; confirmation score not applicable.,Narrow CPR,Not applicable,Not applicable,Narrow CPR; Wide CPR rules not applied,0,0,0,0
2026-09-15,2026-09-15,CM,NSE,STK,20110,INE999K01014,GREENPOWER,EQ,,,,,ORIENT GREEN POWER CO LTD,9.31,9.36,8.88,9.09,9.12,9.31,,9.09,,,2901357,26490782.6,6334,F1,1,,,,,,Cash Only,Unclassified,False,9.110000000000001,9.120000000000001,9.100000000000001,9.120000000000001,9.100000000000001,0.019999999999999574,0.22002200220021534,Narrow,Bearish,Below CPR,False,True,0.3,60,19468315.685000002,Lower,True,Risk Off,False,0.3478571428571428,9.7118,10.5028,0.05749486652977291,1.3607126075323859,False,False,No setup,Neutral,0,Not applicable,No directional setup; confirmation score not applicable.,Narrow CPR,Not applicable,Not applicable,Narrow CPR; Wide CPR rules not applied,0,0,0,0
2026-09-15,2026-09-15,CM,NSE,STK,12188,INE510W01014,INOXGREEN,EQ,,,,,INOX GREEN ENERGY SER LTD,177.92,177.92,169.66,173.22,171.5,178.21,,173.2,,,1508686,261313804.19,11303,F1,1,,,,,,Cash Only,Unclassified,False,173.6,173.79,173.41,173.79,173.41,0.37999999999999545,0.21937420621175124,Narrow,Bearish,Below CPR,False,True,0.2833333333333333,60,233777223.88,Lower,True,Risk Off,False,7.371428571428573,185.86379999999997,182.05010000000001,0.051550387596898596,1.1177898336415133,False,False,No setup,Neutral,0,Not applicable,No directional setup; confirmation score not applicable.,Narrow CPR,Not applicable,Not applicable,Narrow CPR; Wide CPR rules not applied,0,0,-2,-2
2026-09-15,2026-09-15,CM,NSE,STK,27097,INE995S01015,NIVABUPA,EQ,,,,,NIVA BUPA HEALTH INS CO L,79.92,83.9,79.63,81.5,81.0,79.93,,81.51,,,1416460,114745679.38,13849,F1,1,,,,,,Cash Only,Financial Services,True,81.67666666666666,81.765,81.58833333333332,81.765,81.58833333333332,0.17666666666667652,0.21676891615543134,Narrow,Bearish,Below CPR,False,True,0.4166666666666667,60,57299279.135000005,Higher,True,Risk Off,False,1.8949999999999991,84.23880000000001,83.50710000000001,0.09322779243624095,2.0025675909404264,False,False,No setup,Neutral,0,Not applicable,No directional setup; confirmation score not applicable.,Narrow CPR,Not applicable,Not applicable,Narrow CPR; Wide CPR rules not applied,0,0,0,0
2026-09-15,2026-09-15,CM,NSE,STK,2595,INE105C01023,3PLAND,EQ,,,,,3P LAND HOLDINGS LIMITED,31.25,32.3,29.5,30.8,30.5,31.24,,30.79,,,7541,235667.79,208,F1,1,,,,,,Cash Only,Unclassified,False,30.866666666666664,30.9,30.83333333333333,30.9,30.83333333333333,0.06666666666666998,0.21645021645022722,Narrow,Bearish,Below CPR,False,True,0.13333333333333333,60,82685.755,Inside,True,Risk Off,True,1.3664285714285709,32.0084,32.4409,0.04878898762850915,2.8501619172492285,False,False,No setup,Neutral,0,Not applicable,No directional setup; confirmation score not applicable.,Narrow CPR,Not applicable,Not applicable,Narrow CPR; Wide CPR rules not applied,0,0,0,0
2026-09-15,2026-09-15,CM,NSE,STK,6596,INE269A01021,SONATSOFTW,EQ,,,,,SONATA SOFTWARE LTD,274.75,291.95,272.45,281.3,280.75,265.85,,281.3,,,6788610,1917198016.8,86249,F1,1,,,,,,Cash Only,Information Technology,True,281.90000000000003,282.2,281.6000000000001,282.2,281.6000000000001,0.599999999999909,0.21329541414856346,Narrow,Bearish,Below CPR,False,True,0.21666666666666667,60,299090313.325,Higher,True,Risk Off,True,12.53214285714286,302.233,287.19,0.047876888002272584,6.410097323067492,False,False,No setup,Neutral,0,Not applicable,No directional setup; confirmation score not applicable.,Narrow CPR,Not applicable,Not applicable,Narrow CPR; Wide CPR rules not applied,0,0,0,0
2026-09-15,2026-09-15,CM,NSE,STK,4751,INE681B01017,INDRAMEDCO,EQ,,,,,INDRAPRASTHA MEDICAL CORP,355.0,360.0,351.35,354.55,355.0,355.0,,354.56,,,259219,92131962.9,9105,F1,1,,,,,,Cash Only,Unclassified,False,355.3,355.675,354.925,355.675,354.925,0.75,0.21153574954167254,Narrow,Bearish,Below CPR,False,True,0.38333333333333336,60,48570791.875,Higher,True,Risk Off,False,7.946428571428563,368.66700000000003,379.0435,0.09438202247191022,1.8968593951918147,False,False,No setup,Neutral,0,Not applicable,No directional setup; confirmation score not applicable.,Narrow CPR,Not applicable,Not applicable,Narrow CPR; Wide CPR rules not applied,0,0,0,0
2026-09-15,2026-09-15,CM,NSE,STK,18321,INE337A01034,LGBBROSLTD,EQ,,,,,LG BALAKRISHNAN & BROS,1711.0,1720.0,1697.2,1703.2,1710.0,1711.0,,1703.15,,,21277,36289985.9,2425,F1,1,,,,,,Cash Only,Unclassified,False,1706.8,1708.6,1705.0,1708.6,1705.0,3.599999999999909,0.21136683889149302,Narrow,Bearish,Below CPR,False,True,0.2833333333333333,60,33839796.2,Lower,True,Risk Off,False,45.32857142857146,1606.908,1602.1070000000002,0.07942010715411077,1.0724055690382672,True,True,No setup,Neutral,0,Not applicable,No directional setup; confirmation score not applicable.,Narrow CPR,Not applicable,Not applicable,Narrow CPR; Wide CPR rules not applied,0,0,0,0
2026-09-15,2026-09-15,CM,NSE,STK,4471,INE579B01039,ELPROINTL,EQ,,,,,ELPRO INTERNATIONAL LTD,173.5,174.89,171.9,172.85,172.5,173.24,,172.67,,,17260,2986316.85,202,F1,1,,,,,,Cash Only,Unclassified,False,173.21333333333334,173.39499999999998,173.0316666666667,173.39499999999998,173.0316666666667,0.3633333333332871,0.2102015234789049,Narrow,Bearish,Below CPR,False,True,0.5,60,5509308.475,Lower,True,Risk Off,False,2.479285714285715,175.23399999999998,166.31239999999997,0.14654758474981325,0.5420493086475795,False,True,No setup,Neutral,0,Not applicable,No directional setup; confirmation score not applicable.,Narrow CPR,Not applicable,Not applicable,Narrow CPR; Wide CPR rules not applied,0,0,0,0
2026-09-15,2026-09-15,CM,NSE,STK,762163,INE0LZF01039,CORDELIA,EQ,,,,,WATERWAYS LEISURE TOUR L,114.29,115.49,109.87,112.33,112.0,112.85,,112.33,,,2990405,336863307.42,20443,F1,1,,,,,,Cash Only,Unclassified,False,112.56333333333333,112.68,112.44666666666666,112.68,112.44666666666666,0.2333333333333485,0.2077212973678879,Narrow,Bearish,Below CPR,False,True,0.16666666666666666,54,268076992.95,Higher,True,Risk Off,True,5.288571428571427,622.462,,0.04412029533585737,1.2565916370258212,False,False,No setup,Neutral,0,Not applicable,No directional setup; confirmation score not applicable.,Narrow CPR,Not applicable,Not applicable,Narrow CPR; Wide CPR rules not applied,0,0,0,0
2026-09-15,2026-09-15,CM,NSE,STK,694,INE059A01026,CIPLA,EQ,,,,,CIPLA LTD,1355.0,1362.7,1347.7,1351.0,1351.0,1366.0,,1351.01,,,1225305,1660047265.7,77711,F1,1,,,,,,F&O + Cash,Healthcare,True,1353.8,1355.2,1352.3999999999999,1355.2,1352.3999999999999,2.800000000000182,0.20725388601037617,Narrow,Bearish,Below CPR,False,True,0.45,60,1313204373.4,Lower,True,Risk Off,False,20.54285714285717,1428.61,1406.665,0.1363004172461839,1.2641195074624931,False,False,No setup,Neutral,0,Not applicable,No directional setup; confirmation score not applicable.,Narrow CPR,Not applicable,Not applicable,Narrow CPR; Wide CPR rules not applied,0,0,0,0
2026-09-15,2026-09-15,CM,NSE,STK,305,INE118A01012,BAJAJHLDNG,EQ,,,,,BAJAJ HOLDINGS & INVS LTD,11134.0,11208.0,11060.0,11100.0,11100.0,11134.0,,11100.0,,,56888,631935634.0,15121,F1,1,,,,,,F&O + Cash,Financial Services,True,11122.666666666666,11134.0,11111.333333333332,11134.0,11111.333333333332,22.66666666666788,0.20420420420421515,Narrow,Bearish,Below CPR,False,True,0.36666666666666664,60,503107843.0,Higher,True,Risk Off,False,232.0,11063.48,10743.285,0.09770114942529258,1.256063968774186,True,True,No setup,Neutral,0,Not applicable,No directional setup; confirmation score not applicable.,Narrow CPR,Not applicable,Not applicable,Narrow CPR; Wide CPR rules not applied,0,0,0,0
2026-09-15,2026-09-15,CM,NSE,STK,17307,INE298G01035,AJMERA,EQ,,,,,AJMERA REALTY & INF I LTD,117.61,117.61,111.83,114.37,114.9,116.75,,114.38,,,421507,47927558.01,4439,F1,1,,,,,,Cash Only,Unclassified,False,114.60333333333334,114.72,114.48666666666668,114.72,114.48666666666668,0.23333333333332007,0.20401620471567722,Narrow,Bearish,Below CPR,False,True,0.23333333333333334,60,39801682.96,Lower,True,Risk Off,True,3.865714285714285,122.4956,124.02680000000001,0.06035969450603255,1.20415908187014,False,False,No setup,Neutral,0,Not applicable,No directional setup; confirmation score not applicable.,Narrow CPR,Not applicable,Not applicable,Narrow CPR; Wide CPR rules not applied,0,0,0,0
2026-09-15,2026-09-15,CM,NSE,STK,15039,INE739E01017,CERA,EQ,,,,,CERA SANITARYWARE LTD,5588.0,5620.0,5558.0,5572.0,5584.5,5587.5,,5572.06,,,4096,22817057.5,972,F1,1,,,,,,Cash Only,Unclassified,False,5583.333333333333,5589.0,5577.666666666666,5589.0,5577.666666666666,11.33333333333394,0.20339794209142031,Narrow,Bearish,Below CPR,False,True,0.38333333333333336,60,41344837.25,Lower,True,Risk Off,False,115.32142857142857,5968.68,5910.460999999999,0.09827604005368545,0.5518719873543583,False,False,No setup,Neutral,0,Not applicable,No directional setup; confirmation score not applicable.,Narrow CPR,Not applicable,Not applicable,Narrow CPR; Wide CPR rules not applied,0,0,0,0
2026-09-15,2026-09-15,CM,NSE,STK,275,INE406A01037,AUROPHARMA,EQ,,,,,AUROBINDO PHARMA LTD,1688.0,1688.0,1642.1,1660.0,1660.0,1679.8,,1660.0,,,438757,729876015.2,23981,F1,1,,,,,,F&O + Cash,Healthcare,True,1663.3666666666668,1665.05,1661.6833333333336,1665.05,1661.6833333333336,3.366666666666333,0.2028112449798996,Narrow,Bearish,Below CPR,False,True,0.23333333333333334,60,1310995166.75,Lower,True,Risk Off,True,40.8071428571429,1610.306,1543.145,0.08250189625998357,0.556734329547062,True,True,No setup,Neutral,0,Not applicable,No directional setup; confirmation score not applicable.,Narrow CPR,Not applicable,Not applicable,Narrow CPR; Wide CPR rules not applied,0,0,0,0
2026-09-15,2026-09-15,CM,NSE,STK,1011,INE513A01022,SCHAEFFLER,EQ,,,,,SCHAEFFLER INDIA LIMITED,3950.5,3961.6,3895.0,3916.4,3895.0,3950.5,,3915.59,,,50304,197133144.7,18935,F1,1,,,,,,Cash Only,Automobile and Auto Components,True,3924.3333333333335,3928.3,3920.366666666667,3928.3,3920.366666666667,7.933333333333394,0.20256698328396983,Narrow,Bearish,Below CPR,False,True,0.31666666666666665,60,201540138.85,Lower,True,Risk Off,False,75.23571428571434,4062.296,4098.471,0.10544637488528191,0.9781334171190584,False,False,No setup,Neutral,0,Not applicable,No directional setup; confirmation score not applicable.,Narrow CPR,Not applicable,Not applicable,Narrow CPR; Wide CPR rules not applied,0,0,0,0
2026-09-15,2026-09-15,CM,NSE,STK,23512,INE555Z01020,TARACHAND,EQ,,,,,TARA CHAND INFRA SOLN LTD,48.0,48.0,46.5,47.11,47.47,46.86,,47.11,,,59887,2829080.15,1805,F1,1,,,,,,Cash Only,Unclassified,False,47.20333333333334,47.25,47.15666666666668,47.25,47.15666666666668,0.0933333333333195,0.19811788013865314,Narrow,Bearish,Below CPR,False,True,0.2,60,3457964.205,Higher,True,Risk Off,True,1.6185714285714299,51.5274,55.0367,0.05766401882905878,0.8181345966246055,False,False,No setup,Neutral,0,Not applicable,No directional setup; confirmation score not applicable.,Narrow CPR,Not applicable,Not applicable,Narrow CPR; Wide CPR rules not applied,0,0,0,0
2026-09-15,2026-09-15,CM,NSE,STK,25892,INE0OPA01027,DBEIL,EQ,,,,,DEEPAK BUILDERS & ENG I L,7.1,7.1,6.52,6.79,6.89,7.06,,6.8,,,205425,1426961.64,510,F1,1,,,,,,Cash Only,Unclassified,False,6.803333333333334,6.81,6.796666666666668,6.81,6.796666666666668,0.013333333333331865,0.19636720667646337,Narrow,Bearish,Below CPR,False,True,0.15,60,4732301.535,Lower,True,Risk Off,True,8.339285714285712,67.05799999999999,76.5435,0.0015988579586008237,0.3015364996178334,False,False,No setup,Neutral,0,Not applicable,No directional setup; confirmation score not applicable.,Narrow CPR,Not applicable,Not applicable,Narrow CPR; Wide CPR rules not applied,0,0,0,0
2026-09-15,2026-09-15,CM,NSE,STK,15420,INE666E01020,ACL,EQ,,,,,ANDHRA CEMENTS LIMITED,41.85,43.5,41.85,42.55,42.91,42.7,,42.61,,,4611,196787.23,218,F1,1,,,,,,Cash Only,Unclassified,False,42.63333333333333,42.675,42.59166666666667,42.675,42.59166666666667,0.0833333333333286,0.19584802193496734,Narrow,Bearish,Below CPR,False,True,0.25,60,539827.475,Higher,True,Risk Off,True,1.1721428571428574,46.520199999999996,50.5263,0.07109486085719684,0.36453726257634445,False,False,No setup,Neutral,0,Not applicable,No directional setup; confirmation score not applicable.,Narrow CPR,Not applicable,Not applicable,Narrow CPR; Wide CPR rules not applied,0,0,0,0
2026-09-15,2026-09-15,CM,NSE,STK,9917,INE136S01016,NEOGEN,EQ,,,,,NEOGEN CHEMICALS LIMITED,2381.0,2399.8,2234.3,2310.3,2332.2,2373.0,,2310.21,,,264415,613627104.7,35847,F1,1,,,,,,Cash Only,Unclassified,False,2314.8,2317.05,2312.55,2317.05,2312.55,4.5,0.19477989871445264,Narrow,Bearish,Below CPR,False,True,0.13333333333333333,60,249642486.9,Lower,True,Risk Off,True,96.3214285714286,2150.7619999999997,1987.2880000000002,0.04671857619577307,2.4580235212357997,True,True,No setup,Neutral,0,Not applicable,No directional setup; confirmation score not applicable.,Narrow CPR,Not applicable,Not applicable,Narrow CPR; Wide CPR rules not applied,0,0,0,0
2026-09-15,2026-09-15,CM,NSE,STK,18012,INE03HW01020,VLEGOV,EQ,,,,,VL E GOV AND IT SOL LTD,10.25,10.75,10.25,10.47,10.55,10.24,,10.46,,,218706,2329190.65,549,F1,1,,,,,,Cash Only,Unclassified,False,10.49,10.5,10.48,10.5,10.48,0.019999999999999574,0.19102196752626144,Narrow,Bearish,Below CPR,False,True,0.05,60,8815409.42,Higher,True,Risk Off,True,1.1085714285714285,12.715,15.889,0.01804123711340168,0.2642180911887811,False,False,No setup,Neutral,0,Not applicable,No directional setup; confirmation score not applicable.,Narrow CPR,Not applicable,Not applicable,Narrow CPR; Wide CPR rules not applied,0,0,0,0
2026-09-15,2026-09-15,CM,NSE,STK,29284,INE665J01013,VMART,EQ,,,,,VMART RETAIL LTD,805.5,809.65,774.55,789.85,783.25,808.95,,789.85,,,122376,96228339.45,15034,F1,1,,,,,,Cash Only,Unclassified,False,791.3499999999999,792.0999999999999,790.5999999999999,792.0999999999999,790.5999999999999,1.5,0.18990947648287648,Narrow,Bearish,Below CPR,False,True,0.21666666666666667,60,75095276.32499999,Lower,True,Risk Off,True,24.714285714285705,796.4120000000001,743.867,0.060693641618497135,1.281416677042902,False,True,No setup,Neutral,0,Not applicable,No directional setup; confirmation score not applicable.,Narrow CPR,Not applicable,Not applicable,Narrow CPR; Wide CPR rules not applied,0,-2,0,-2
2026-09-15,2026-09-15,CM,NSE,STK,18226,INE949H01023,MANINFRA,EQ,,,,,MAN INFRA LTD,127.48,127.48,122.89,124.83,124.09,126.87,,124.83,,,1734690,216091230.43,11594,F1,1,,,,,,Cash Only,Unclassified,False,125.06666666666666,125.185,124.94833333333332,125.185,124.94833333333332,0.2366666666666788,0.189591177334518,Narrow,Bearish,Below CPR,False,True,0.18333333333333332,60,174209927.055,Lower,True,Risk Off,True,4.330714285714287,109.915,112.5077,0.05464841387652156,1.2404071001176507,True,True,No setup,Neutral,0,Not applicable,No directional setup; confirmation score not applicable.,Narrow CPR,Not applicable,Not applicable,Narrow CPR; Wide CPR rules not applied,0,0,0,0
2026-09-15,2026-09-15,CM,NSE,STK,8132,INE791A01024,BLBLIMITED,EQ,,,,,BLB LIMITED,16.64,16.64,15.65,16.1,16.15,16.13,,16.09,,,180878,2882927.72,392,F1,1,,,,,,Cash Only,Unclassified,False,16.13,16.145,16.115,16.145,16.115,0.030000000000001137,0.18633540372671512,Narrow,Bearish,Below CPR,False,True,0.15,60,1127548.0,Lower,True,Risk Off,True,0.9364285714285714,16.046400000000002,15.8019,0.03203661327231243,2.556811523766616,True,True,No setup,Neutral,0,Not applicable,No directional setup; confirmation score not applicable.,Narrow CPR,Not applicable,Not applicable,Narrow CPR; Wide CPR rules not applied,0,0,0,0
2026-09-15,2026-09-15,CM,NSE,STK,762643,INE131C01011,DISAQ,EQ,,,,,DISA INDIA LTD.,11775.0,11919.0,11500.0,11677.0,11614.0,11688.0,,11687.62,,,295,3476831.0,233,F1,1,,,,,,Cash Only,Unclassified,False,11698.666666666666,11709.5,11687.833333333332,11709.5,11687.833333333332,21.66666666666788,0.18554994148041346,Narrow,Bearish,Below CPR,False,True,0.21666666666666667,60,5338222.0,Lower,True,Risk Off,True,411.5,11951.34,11933.127,0.05265289590927796,0.6513088065651822,False,False,No setup,Neutral,0,Not applicable,No directional setup; confirmation score not applicable.,Narrow CPR,Not applicable,Not applicable,Narrow CPR; Wide CPR rules not applied,0,0,0,0
2026-09-15,2026-09-15,CM,NSE,STK,18962,INE451D01029,RAJRATAN,EQ,,,,,RAJRATAN GLOBAL WIRE LTD,495.2,498.1,474.8,485.1,479.8,498.15,,485.13,,,153932,74320341.75,8496,F1,1,,,,,,Cash Only,Unclassified,False,486.0,486.45000000000005,485.54999999999995,486.45000000000005,485.54999999999995,0.900000000000091,0.18552875695734714,Narrow,Bearish,Below CPR,False,True,0.13333333333333333,60,46109251.9,Lower,True,Risk Off,True,19.739285714285703,499.81700000000006,466.8045,0.045594354984625586,1.6118314370222953,False,True,No setup,Neutral,0,Not applicable,No directional setup; confirmation score not applicable.,Narrow CPR,Not applicable,Not applicable,Narrow CPR; Wide CPR rules not applied,0,0,0,0
2026-09-15,2026-09-15,CM,NSE,STK,18096,INE797F01020,JUBLFOOD,EQ,,,,,JUBILANT FOODWORKS LTD,468.95,472.95,461.6,466.0,466.0,470.25,,465.99,,,471771,219830279.55,15035,F1,1,,,,,,F&O + Cash,Consumer Services,True,466.84999999999997,467.275,466.42499999999995,467.275,466.42499999999995,0.8500000000000227,0.18240343347639973,Narrow,Bearish,Below CPR,False,True,0.16666666666666666,60,736268013.35,Lower,True,Risk Off,True,12.539285714285707,466.16600000000005,454.726,0.0677869552833969,0.29857371984663306,False,True,No setup,Neutral,0,Not applicable,No directional setup; confirmation score not applicable.,Narrow CPR,Not applicable,Not applicable,Narrow CPR; Wide CPR rules not applied,0,0,0,0
2026-09-15,2026-09-15,CM,NSE,STK,3892,INE473B01035,HATSUN,EQ,,,,,HATSUN AGRO PRODUCT LTD.,1207.2,1349.7,1207.2,1275.0,1259.2,1224.4,,1274.91,,,874664,1134697013.1,63939,F1,1,,,,,,Cash Only,Unclassified,False,1277.3,1278.45,1276.1499999999999,1278.45,1276.1499999999999,2.300000000000182,0.18039215686275936,Narrow,Bearish,Below CPR,False,True,0.3333333333333333,60,45811367.325,Higher,True,Risk Off,False,65.87142857142858,998.419,965.2584999999999,0.034916504012147624,24.76889644114109,True,True,No setup,Neutral,0,Not applicable,No directional setup; confirmation score not applicable.,Narrow CPR,Not applicable,Not applicable,Narrow CPR; Wide CPR rules not applied,0,0,0,0
2026-09-15,2026-09-15,CM,NSE,STK,17999,INE458F01011,UNITEDTEA,EQ,,,,,UNITED NILGIRI TEA LTD,426.05,438.5,415.1,425.65,425.65,432.95,,425.65,,,6153,2608008.2,252,F1,1,,,,,,Cash Only,Unclassified,False,426.4166666666667,426.8,426.03333333333336,426.8,426.03333333333336,0.7666666666666515,0.18011668428677352,Narrow,Bearish,Below CPR,False,True,0.35,60,839053.025,Lower,True,Risk Off,False,11.960714285714285,461.08299999999997,488.5875,0.06409873594107568,3.1082757850732974,False,False,No setup,Neutral,0,Not applicable,No directional setup; confirmation score not applicable.,Narrow CPR,Not applicable,Not applicable,Narrow CPR; Wide CPR rules not applied,0,0,0,0
2026-09-15,2026-09-15,CM,NSE,STK,25503,INE250Z01010,INDOUS,EQ,,,,,INDO US BIOTECH LTD,79.9,81.0,76.0,78.29,78.29,78.24,,78.29,,,2244,175560.33,94,F1,1,,,,,,Cash Only,Unclassified,False,78.43,78.5,78.36000000000001,78.5,78.36000000000001,0.13999999999998636,0.1788223272448414,Narrow,Bearish,Below CPR,False,True,0.08333333333333333,60,1313070.385,Lower,True,Risk Off,True,4.782142857142857,83.0882,90.56129999999999,0.029275578790139048,0.13370214727674326,False,False,No setup,Neutral,0,Not applicable,No directional setup; confirmation score not applicable.,Narrow CPR,Not applicable,Not applicable,Narrow CPR; Wide CPR rules not applied,0,0,0,0
2026-09-15,2026-09-15,CM,NSE,STK,14957,INE387I01016,MAGNUM,EQ,,,,,MAGNUM VENTURES LTD.,18.42,19.07,18.41,18.69,18.47,18.73,,18.94,,,12637,237017.02,122,F1,1,,,,,,Cash Only,Unclassified,False,18.723333333333333,18.740000000000002,18.706666666666663,18.740000000000002,18.706666666666663,0.033333333333338544,0.1783484929552624,Narrow,Bearish,Below CPR,False,True,0.18333333333333332,60,377673.815,Lower,True,Risk Off,True,0.8564285714285708,19.284,19.5369,0.03892132332499917,0.627570698805264,False,False,No setup,Neutral,0,Not applicable,No directional setup; confirmation score not applicable.,Narrow CPR,Not applicable,Not applicable,Narrow CPR; Wide CPR rules not applied,0,0,0,0
2026-09-15,2026-09-15,CM,NSE,STK,17635,INE768C01028,ZYDUSWELL,EQ,,,,,ZYDUS WELLNESS LIMITED,549.35,558.45,544.35,549.95,550.0,552.0,,549.95,,,260004,143195905.0,24968,F1,1,,,,,,Cash Only,Fast Moving Consumer Goods,True,550.9166666666667,551.4000000000001,550.4333333333334,551.4000000000001,550.4333333333334,0.966666666666697,0.17577355517168777,Narrow,Bearish,Below CPR,False,True,0.13333333333333333,60,162219685.675,Lower,True,Risk Off,True,16.55714285714286,546.3,530.086,0.058383664078230174,0.8827282854368654,True,True,No setup,Neutral,0,Not applicable,No directional setup; confirmation score not applicable.,Narrow CPR,Not applicable,Not applicable,Narrow CPR; Wide CPR rules not applied,0,0,0,0
2026-09-15,2026-09-15,CM,NSE,STK,13310,INE878B01027,KEI,EQ,,,,,KEI INDUSTRIES LTD.,4570.0,4574.5,4449.0,4500.0,4500.0,4578.0,,4500.0,,,371320,1669428193.0,33443,F1,1,,,,,,F&O + Cash,Capital Goods,True,4507.833333333333,4511.75,4503.916666666666,4511.75,4503.916666666666,7.83333333333394,0.17407407407408754,Narrow,Bearish,Below CPR,False,True,0.25,60,1746604969.65,Lower,True,Risk Off,True,207.87142857142862,5219.0019999999995,5221.104,0.037683549813303255,0.955813261732866,False,False,No setup,Neutral,0,Not applicable,No directional setup; confirmation score not applicable.,Narrow CPR,Not applicable,Not applicable,Narrow CPR; Wide CPR rules not applied,0,0,0,0
2026-09-15,2026-09-15,CM,NSE,STK,20547,INF251K01SU9,BBNPPGOLD,EQ,,,,,BARODABNP - BBNPPGOLD,146.2,146.2,144.15,144.8,145.25,146.2,,144.8,,,1723,249801.85,91,F1,1,,,,,,Cash Only,Unclassified,False,145.05,145.175,144.925,145.175,144.925,0.25,0.17265193370165746,Narrow,Bearish,Below CPR,False,True,0.4,60,616739.5,Lower,True,Risk Off,False,3.357142857142857,143.644,144.525,0.07446808510638298,0.40503624301670316,True,True,No setup,Neutral,0,Not applicable,No directional setup; confirmation score not applicable.,Narrow CPR,Not applicable,Not applicable,Narrow CPR; Wide CPR rules not applied,0,0,0,0
2026-09-15,2026-09-15,CM,NSE,STK,765291,INE1EEM01017,BLEL,EQ,,,,,BEHARI LAL ENGINEERING L,445.0,447.7,433.85,439.65,438.0,442.15,,439.6,,,646232,285219176.35,20564,F1,1,,,,,,Cash Only,Unclassified,False,440.3999999999999,440.775,440.02499999999986,440.775,440.02499999999986,0.7500000000001137,0.17059024223816985,Narrow,Bearish,Below CPR,False,True,0.21052631578947367,19,887266343.5,Overlapping,False,Risk Off,False,23.260714285714283,,,0.032243205895905395,0.3214583517559066,False,False,No setup,Neutral,0,Not applicable,No directional setup; confirmation score not applicable.,Narrow CPR,Not applicable,Not applicable,Narrow CPR; Wide CPR rules not applied,0,0,0,0
2026-09-15,2026-09-15,CM,NSE,STK,359,INE294G01026,ROML,EQ,,,,,RAJ OIL MILLS LIMITED,43.22,43.5,42.72,43.0,43.0,42.69,,43.1,,,144,6199.71,23,F1,1,,,,,,Cash Only,Unclassified,False,43.07333333333333,43.11,43.03666666666666,43.11,43.03666666666666,0.07333333333333769,0.17054263565892486,Narrow,Bearish,Below CPR,False,True,0.21666666666666667,60,85831.08499999999,Higher,True,Risk Off,True,1.5771428571428576,43.9966,44.8634,0.04649758454106555,0.07223152311310058,False,False,No setup,Neutral,0,Not applicable,No directional setup; confirmation score not applicable.,Narrow CPR,Not applicable,Not applicable,Narrow CPR; Wide CPR rules not applied,0,0,0,0
2026-09-15,2026-09-15,CM,NSE,STK,24308,INE552Z01027,ABDL,EQ,,,,,ALLIED BLEND N DISTILS L,635.0,644.4,622.0,631.6,635.5,632.5,,631.63,,,522432,330454022.25,27373,F1,1,,,,,,Cash Only,Fast Moving Consumer Goods,True,632.6666666666666,633.2,632.1333333333332,633.2,632.1333333333332,1.0666666666668334,0.16888325944693372,Narrow,Bearish,Below CPR,False,True,0.21666666666666667,60,196716575.675,Higher,True,Risk Off,True,17.52142857142857,619.989,602.3494999999999,0.06087783666259955,1.6798483865231097,True,True,No setup,Neutral,0,Not applicable,No directional setup; confirmation score not applicable.,Narrow CPR,Not applicable,Not applicable,Narrow CPR; Wide CPR rules not applied,0,0,0,0
2026-09-15,2026-09-15,CM,NSE,STK,11864,INE032B01021,PRIMESECU,EQ,,,,,PRIME SECURITIES LIMITED,280.2,281.0,275.4,277.5,275.9,283.05,,277.5,,,4273,1195685.5,101,F1,1,,,,,,Cash Only,Unclassified,False,277.96666666666664,278.2,277.7333333333333,278.2,277.7333333333333,0.466666666666697,0.1681681681681791,Narrow,Bearish,Below CPR,False,True,0.15,60,6913858.699999999,Lower,True,Risk Off,True,10.09642857142857,281.112,283.42800000000005,0.04622096450890526,0.17294040157343685,False,False,No setup,Neutral,0,Not applicable,No directional setup; confirmation score not applicable.,Narrow CPR,Not applicable,Not applicable,Narrow CPR; Wide CPR rules not applied,0,0,0,0
2026-09-15,2026-09-15,CM,NSE,STK,14194,INE395U01014,NINSYS,EQ,,,,,NINTEC SYSTEMS LIMITED,725.0,725.0,700.05,710.75,711.45,710.7,,710.75,,,3821,2708808.9,616,F1,1,,,,,,Cash Only,Unclassified,False,711.9333333333334,712.525,711.3416666666668,712.525,711.3416666666668,1.1833333333331666,0.16649079610737483,Narrow,Bearish,Below CPR,False,True,0.15,60,2252475.175,Higher,True,Risk Off,True,20.30714285714287,557.8580000000001,449.375,0.05827177863758115,1.2025921217977464,True,True,No setup,Neutral,0,Not applicable,No directional setup; confirmation score not applicable.,Narrow CPR,Not applicable,Not applicable,Narrow CPR; Wide CPR rules not applied,0,0,0,0
2026-09-15,2026-09-15,CM,NSE,STK,4525,INE221B01012,DYNAMATECH,EQ,,,,,DYNAMATIC TECHNOLOGIES,12201.0,12277.0,11925.0,12071.0,12199.0,12097.0,,12069.29,,,22745,275325910.0,8702,F1,1,,,,,,Cash Only,Unclassified,False,12091.0,12101.0,12081.0,12101.0,12081.0,20.0,0.16568635572860577,Narrow,Bearish,Below CPR,False,True,0.18333333333333332,60,141809022.5,Higher,True,Risk Off,True,420.64285714285717,11040.58,10974.075,0.047546272711835626,1.9415260407707837,True,True,No setup,Neutral,0,Not applicable,No directional setup; confirmation score not applicable.,Narrow CPR,Not applicable,Not applicable,Narrow CPR; Wide CPR rules not applied,0,0,0,0
2026-09-15,2026-09-15,CM,NSE,STK,764975,INE693D01018,VADILENT,EQ,,,,,VADILAL ENTERPRISES LTD.,10400.0,10450.0,10400.0,10400.0,10400.0,10400.0,,10440.0,,,11,114451.0,5,F1,1,,,,,,Cash Only,Unclassified,False,10416.666666666666,10425.0,10408.333333333332,10425.0,10408.333333333332,16.66666666666788,0.16025641025642193,Narrow,Bearish,Below CPR,False,True,0.3157894736842105,19,271554.0,Overlapping,False,Risk Off,False,672.2857142857143,,,0.024791046890496205,0.4214668169130265,False,False,No setup,Neutral,0,Not applicable,No directional setup; confirmation score not applicable.,Narrow CPR,Not applicable,Not applicable,Narrow CPR; Wide CPR rules not applied,0,0,0,0
2026-09-15,2026-09-15,CM,NSE,STK,14450,INE069I01010,EMBDL,EQ,,,,,EMBASSY DEVELOPMENTS LTD,55.32,56.38,53.9,55.01,55.35,55.28,,54.99,,,3033004,167571914.92,8995,F1,1,,,,,,Cash Only,Unclassified,False,55.096666666666664,55.14,55.05333333333333,55.14,55.05333333333333,0.08666666666667311,0.15754711264619725,Narrow,Bearish,Below CPR,False,True,0.13333333333333333,60,125218881.265,Lower,True,Risk Off,True,2.044285714285714,61.8162,63.044200000000004,0.042394595853718506,1.3382320080417305,False,False,No setup,Neutral,0,Not applicable,No directional setup; confirmation score not applicable.,Narrow CPR,Not applicable,Not applicable,Narrow CPR; Wide CPR rules not applied,0,0,0,0
2026-09-15,2026-09-15,CM,NSE,STK,1168,INE075D01018,GMBREW,EQ,,,,,G M BREWERIES LTD,910.0,914.0,901.6,905.7,905.05,910.9,,905.68,,,19543,17723580.75,1643,F1,1,,,,,,Cash Only,Unclassified,False,907.1,907.8,906.4000000000001,907.8,906.4000000000001,1.3999999999998636,0.15457657060835414,Narrow,Bearish,Below CPR,False,True,0.26666666666666666,60,22025650.475,Lower,True,Risk Off,False,19.74642857142859,906.039,918.1725,0.07089889672634499,0.8046791067585939,False,False,No setup,Neutral,0,Not applicable,No directional setup; confirmation score not applicable.,Narrow CPR,Not applicable,Not applicable,Narrow CPR; Wide CPR rules not applied,0,0,-2,-2
2026-09-15,2026-09-15,CM,NSE,STK,1467,INE133A01011,JSWDULUX,EQ,,,,,JSW DULUX LIMITED,3175.1,3199.0,3083.1,3133.8,3104.0,3155.1,,3134.06,,,50943,159211126.6,9301,F1,1,,,,,,Cash Only,Consumer Durables,True,3138.6333333333337,3141.05,3136.216666666667,3141.05,3136.216666666667,4.83333333333303,0.1542323483736368,Narrow,Bearish,Below CPR,False,True,0.21666666666666667,60,51189158.8,Lower,True,Risk Off,True,63.41428571428576,3063.782,3070.9040000000005,0.07621836750018289,3.1102508877328923,True,True,No setup,Neutral,0,Not applicable,No directional setup; confirmation score not applicable.,Narrow CPR,Not applicable,Not applicable,Narrow CPR; Wide CPR rules not applied,0,0,0,0
2026-09-15,2026-09-15,CM,NSE,STK,762732,INE411F01010,KAMAHOLD,EQ,,,,,KAMA HOLDINGS LTD.,2273.5,2299.9,2250.0,2269.7,2280.9,2273.5,,2269.57,,,8835,20066853.8,2562,F1,1,,,,,,Cash Only,Unclassified,False,2273.2,2274.95,2271.45,2274.95,2271.45,3.5,0.15420540159492443,Narrow,Bearish,Below CPR,False,True,0.31666666666666665,60,7394764.5,Outside,True,Risk Off,False,41.22142857142863,2469.018,2533.0405,0.08490729509617038,2.713656912265428,False,False,No setup,Neutral,0,Not applicable,No directional setup; confirmation score not applicable.,Narrow CPR,Not applicable,Not applicable,Narrow CPR; Wide CPR rules not applied,0,0,0,0
2026-09-15,2026-09-15,CM,NSE,STK,7242,INE317I01021,METROBRAND,EQ,,,,,METRO BRANDS LIMITED,954.75,954.75,938.4,944.45,950.05,940.2,,944.43,,,34577,32630110.8,4779,F1,1,,,,,,Cash Only,Unclassified,False,945.8666666666668,946.575,945.1583333333335,946.575,945.1583333333335,1.416666666666515,0.14999911765223303,Narrow,Bearish,Below CPR,False,True,0.18333333333333332,60,30256183.049999997,Higher,True,Risk Off,True,24.782142857142862,983.864,1008.084,0.05716481721669176,1.0784609131322664,False,False,No setup,Neutral,0,Not applicable,No directional setup; confirmation score not applicable.,Narrow CPR,Not applicable,Not applicable,Narrow CPR; Wide CPR rules not applied,0,0,0,0
2026-09-15,2026-09-15,CM,NSE,STK,1576,INE322A01010,GILLETTE,EQ,,,,,GILLETTE INDIA LTD,7310.0,7321.0,7207.0,7248.5,7216.0,7307.0,,7248.42,,,11161,81168361.5,3507,F1,1,,,,,,Cash Only,Fast Moving Consumer Goods,True,7258.833333333333,7264.0,7253.666666666666,7264.0,7253.666666666666,10.33333333333394,0.1425582304384899,Narrow,Bearish,Below CPR,False,True,0.25,60,106169588.5,Lower,True,Risk Off,True,131.78571428571428,7614.47,7723.335,0.07841011743451229,0.7645161165902041,False,False,No setup,Neutral,0,Not applicable,No directional setup; confirmation score not applicable.,Narrow CPR,Not applicable,Not applicable,Narrow CPR; Wide CPR rules not applied,0,0,0,0
2026-09-15,2026-09-15,CM,NSE,STK,1497,INE644Y01017,SHIVAMILLS,EQ,,,,,SHIVA MILLS LIMITED,63.0,63.0,59.5,61.12,61.15,61.47,,61.12,,,1396,84278.85,25,F1,1,,,,,,Cash Only,Unclassified,False,61.20666666666667,61.25,61.16333333333334,61.25,61.16333333333334,0.0866666666666589,0.14179755671900998,Narrow,Bearish,Below CPR,False,True,0.11666666666666667,60,166552.155,Inside,True,Risk Off,True,2.862857142857144,61.203,57.43690000000001,0.030272787757814973,0.5060207716916062,False,True,No setup,Neutral,0,Not applicable,No directional setup; confirmation score not applicable.,Narrow CPR,Not applicable,Not applicable,Narrow CPR; Wide CPR rules not applied,0,0,0,0
2026-09-15,2026-09-15,CM,NSE,STK,765125,INE588G01021,MLKFOOD,EQ,,,,,MILKFOOD LTD.,80.64,83.0,75.0,78.84,79.0,80.64,,78.66,,,5091,397412.91,153,F1,1,,,,,,Cash Only,Unclassified,False,78.94666666666667,79.0,78.89333333333335,79.0,78.89333333333335,0.10666666666665492,0.13529511246404732,Narrow,Bearish,Below CPR,False,True,0.14285714285714285,21,397412.91,Lower,True,Risk Off,True,4.542142857142858,,,0.023483776275093075,1.0,False,False,No setup,Neutral,0,Not applicable,No directional setup; confirmation score not applicable.,Narrow CPR,Not applicable,Not applicable,Narrow CPR; Wide CPR rules not applied,0,0,0,0
2026-09-15,2026-09-15,CM,NSE,STK,765055,INE00IY01012,DEEP,EQ,,,,,DEEP POLYMERS LTD.,47.0,47.77,42.67,45.13,46.0,46.08,,45.08,,,112049,5006230.79,1211,F1,1,,,,,,Cash Only,Unclassified,False,45.19,45.22,45.16,45.22,45.16,0.060000000000002274,0.1329492576999829,Narrow,Bearish,Below CPR,False,True,0.19047619047619047,21,354704.77,Inside,True,Risk Off,True,3.0264285714285712,,,0.01982534812367316,14.113796073280886,False,False,No setup,Neutral,0,Not applicable,No directional setup; confirmation score not applicable.,Narrow CPR,Not applicable,Not applicable,Narrow CPR; Wide CPR rules not applied,0,0,0,0
2026-09-15,2026-09-15,CM,NSE,STK,8110,INE699H01024,AWL,EQ,,,,,AWL AGRI BUSINESS LIMITED,185.5,185.94,181.05,183.14,183.61,185.02,,183.15,,,1154132,211413580.4,22121,F1,1,,,,,,Cash Only,Fast Moving Consumer Goods,True,183.37666666666667,183.495,183.25833333333333,183.495,183.25833333333333,0.2366666666666788,0.12922718503149438,Narrow,Bearish,Below CPR,False,True,0.1,60,412069374.995,Overlapping,True,Risk Off,True,4.321428571428571,190.59260000000003,192.3156,0.05476584022038848,0.5130533672941971,False,False,No setup,Neutral,0,Not applicable,No directional setup; confirmation score not applicable.,Narrow CPR,Not applicable,Not applicable,Narrow CPR; Wide CPR rules not applied,0,0,0,0
2026-09-15,2026-09-15,CM,NSE,STK,6944,INE845D01014,GANECOS,EQ,,,,,GANESHA ECOSPHERE LIMITED,1005.0,1024.8,993.0,1007.0,1008.0,1013.3,,1007.0,,,80714,81370801.0,6326,F1,1,,,,,,Cash Only,Unclassified,False,1008.2666666666668,1008.9,1007.6333333333336,1008.9,1007.6333333333336,1.2666666666664241,0.12578616352198851,Narrow,Bearish,Below CPR,False,True,0.06666666666666667,60,113609029.95,Lower,True,Risk Off,True,36.49285714285714,1098.8270000000002,1036.0925,0.034709988908455544,0.7162353294963593,False,False,No setup,Neutral,0,Not applicable,No directional setup; confirmation score not applicable.,Narrow CPR,Not applicable,Not applicable,Narrow CPR; Wide CPR rules not applied,0,0,0,0
2026-09-15,2026-09-15,CM,NSE,STK,9902,INE02EZ01022,AXITA,EQ,,,,,AXITA COTTON LIMITED,8.03,8.04,7.99,8.0,8.01,7.98,,8.0,,,425828,3408355.54,620,F1,1,,,,,,Cash Only,Unclassified,False,8.01,8.015,8.004999999999999,8.015,8.004999999999999,0.010000000000001563,0.12500000000001954,Narrow,Bearish,Below CPR,False,True,0.09166666666666666,60,2881927.225,Inside,True,Risk Off,True,0.20571428571428552,7.5687999999999995,7.715700000000001,0.04861111111111876,1.1826653742097877,True,True,No setup,Neutral,0,Not applicable,No directional setup; confirmation score not applicable.,Narrow CPR,Not applicable,Not applicable,Narrow CPR; Wide CPR rules not applied,0,0,0,0
2026-09-15,2026-09-15,CM,NSE,STK,11798,INE835G01018,ALLDIGI,EQ,,,,,ALLDIGI TECH LIMITED,795.0,806.95,795.0,799.5,805.0,797.3,,799.5,,,2913,2328337.6,403,F1,1,,,,,,Cash Only,Unclassified,False,800.4833333333332,800.975,799.9916666666664,800.975,799.9916666666664,0.9833333333335759,0.12299353762771431,Narrow,Bearish,Below CPR,False,True,0.26666666666666666,60,5101935.425000001,Higher,True,Risk Off,False,16.35357142857144,816.5360000000001,818.415,0.06012957705468466,0.45636359656590514,False,False,No setup,Neutral,0,Not applicable,No directional setup; confirmation score not applicable.,Narrow CPR,Not applicable,Not applicable,Narrow CPR; Wide CPR rules not applied,0,0,0,0
2026-09-15,2026-09-15,CM,NSE,STK,181,INE610C01014,ARENTERP,EQ,,,,,RAJDARSHAN INDUSTRIES LTD,32.67,33.39,32.01,32.64,32.01,33.34,,32.64,,,547,17878.62,30,F1,1,,,,,,Cash Only,Unclassified,False,32.68,32.7,32.66,32.7,32.66,0.04000000000000625,0.12254901960786228,Narrow,Bearish,Below CPR,False,True,0.06666666666666667,60,57387.11,Lower,True,Risk Off,True,1.9364285714285712,37.3136,37.7789,0.02065658428624447,0.31154417777790167,False,False,No setup,Neutral,0,Not applicable,No directional setup; confirmation score not applicable.,Narrow CPR,Not applicable,Not applicable,Narrow CPR; Wide CPR rules not applied,0,0,0,0
2026-09-15,2026-09-15,CM,NSE,STK,3748,INE080A01014,WEIZMANIND,EQ,,,,,WEIZMANN LTD,71.71,71.71,69.1,70.28,69.11,71.71,,70.29,,,1373,96974.21,69,F1,1,,,,,,Cash Only,Unclassified,False,70.36333333333333,70.405,70.32166666666666,70.405,70.32166666666666,0.08333333333334281,0.11857332574465396,Narrow,Bearish,Below CPR,False,True,0.15,60,92383.195,Lower,True,Risk Off,True,2.8099999999999983,76.727,80.29520000000001,0.029655990510086428,1.049695347730721,False,False,No setup,Neutral,0,Not applicable,No directional setup; confirmation score not applicable.,Narrow CPR,Not applicable,Not applicable,Narrow CPR; Wide CPR rules not applied,0,0,0,0
2026-09-15,2026-09-15,CM,NSE,STK,11351,INE347G01014,PETRONET,EQ,,,,,PETRONET LNG LIMITED,287.05,288.4,280.5,283.95,283.95,287.2,,283.93,,,1170508,332745184.05,26473,F1,1,,,,,,F&O + Cash,Oil Gas & Consumable Fuels,True,284.2833333333333,284.45,284.1166666666666,284.45,284.1166666666666,0.33333333333337123,0.11739155954688192,Narrow,Bearish,Below CPR,False,True,0.11666666666666667,60,487367255.55,Lower,True,Risk Off,True,6.16785714285714,282.87,279.63710000000003,0.054043620922607984,0.6827401313091765,True,True,No setup,Neutral,0,Not applicable,No directional setup; confirmation score not applicable.,Narrow CPR,Not applicable,Not applicable,Narrow CPR; Wide CPR rules not applied,0,0,0,0
2026-09-15,2026-09-15,CM,NSE,STK,29452,INE943P01029,AGARWALEYE,EQ,,,,,DR AGARWALS HEALTH CARE L,510.0,511.0,494.85,502.05,499.0,508.4,,502.06,,,195769,98119136.35,13483,F1,1,,,,,,Cash Only,Unclassified,False,502.6333333333334,502.925,502.34166666666675,502.925,502.34166666666675,0.5833333333332575,0.11619028649203418,Narrow,Bearish,Below CPR,False,True,0.11666666666666667,60,66125236.075,Overlapping,True,Risk Off,True,14.067857142857147,501.04,480.76550000000003,0.041465685030036066,1.4838379743357308,True,True,No setup,Neutral,0,Not applicable,No directional setup; confirmation score not applicable.,Narrow CPR,Not applicable,Not applicable,Narrow CPR; Wide CPR rules not applied,0,0,0,0
2026-09-15,2026-09-15,CM,NSE,STK,8124,INE031B01049,AJANTPHARM,EQ,,,,,AJANTA PHARMA LIMITED,3555.9,3555.9,3477.1,3510.4,3505.0,3533.4,,3510.34,,,78118,274326398.5,13552,F1,1,,,,,,Cash Only,Healthcare,True,3514.4666666666667,3516.5,3512.4333333333334,3516.5,3512.4333333333334,4.066666666666606,0.11584624734123194,Narrow,Bearish,Below CPR,False,True,0.11666666666666667,60,288522129.0,Inside,True,Risk Off,True,94.37142857142855,3499.93,3288.8920000000003,0.04309213845998524,0.9507984689105077,True,True,No setup,Neutral,0,Not applicable,No directional setup; confirmation score not applicable.,Narrow CPR,Not applicable,Not applicable,Narrow CPR; Wide CPR rules not applied,0,0,0,0
2026-09-15,2026-09-15,CM,NSE,STK,761670,INE05TO01019,AEROPLANE,EQ,,,,,AMIR CHAND JAG KUM (E) L,205.12,205.13,195.0,199.72,196.8,205.13,,199.76,,,921171,184188087.13,8611,F1,1,,,,,,Cash Only,Unclassified,False,199.95000000000002,200.065,199.83500000000004,200.065,199.83500000000004,0.22999999999996135,0.11516122571598306,Narrow,Bearish,Below CPR,False,True,0.07317073170731707,41,99396269.92,Lower,True,Risk Off,True,8.296428571428569,,,0.02772277227722307,1.8530684026497721,False,False,No setup,Neutral,0,Not applicable,No directional setup; confirmation score not applicable.,Narrow CPR,Not applicable,Not applicable,Narrow CPR; Wide CPR rules not applied,0,0,0,0
2026-09-15,2026-09-15,CM,NSE,STK,10932,INE874F01027,RADAAN,EQ,,,,,RADAAN MEDIAWORKS (I) LTD,2.86,2.98,2.83,2.9,2.9,2.83,,2.9,,,13131,38005.42,93,F1,1,,,,,,Cash Only,Unclassified,False,2.9033333333333338,2.9050000000000002,2.9016666666666673,2.9050000000000002,2.9016666666666673,0.0033333333333329662,0.11494252873561953,Narrow,Bearish,Below CPR,False,True,0.11666666666666667,60,51890.55,Higher,True,Risk Off,True,0.19857142857142857,2.998,3.0549,0.016786570743403426,0.7324150543788801,False,False,No setup,Neutral,0,Not applicable,No directional setup; confirmation score not applicable.,Narrow CPR,Not applicable,Not applicable,Narrow CPR; Wide CPR rules not applied,0,0,0,0
2026-09-15,2026-09-15,CM,NSE,STK,1073,INE519A01011,FOSECOIND,EQ,,,,,FOSECO INDIA LTD,6277.5,6367.5,6100.0,6223.5,6290.0,6194.5,,6223.21,,,11949,74496589.5,3037,F1,1,,,,,,Cash Only,Unclassified,False,6230.333333333333,6233.75,6226.916666666666,6233.75,6226.916666666666,6.83333333333394,0.10979888058703206,Narrow,Bearish,Below CPR,False,True,0.11666666666666667,60,22621640.75,Higher,True,Risk Off,True,278.0357142857143,5536.41,5271.012000000001,0.02457717833440595,3.2931558910022916,True,True,No setup,Neutral,0,Not applicable,No directional setup; confirmation score not applicable.,Narrow CPR,Not applicable,Not applicable,Narrow CPR; Wide CPR rules not applied,0,0,0,0
2026-09-15,2026-09-15,CM,NSE,STK,14490,INE732C01016,NCLIND,EQ,,,,,NCL INDUSTRIES LIMITED,174.52,175.5,171.1,173.02,173.45,175.05,,173.02,,,39682,6865706.73,717,F1,1,,,,,,Cash Only,Unclassified,False,173.20666666666668,173.3,173.11333333333334,173.3,173.11333333333334,0.18666666666666742,0.10788733479751902,Narrow,Bearish,Below CPR,False,True,0.21666666666666667,60,6912351.630000001,Lower,True,Risk Off,True,5.139285714285715,179.1126,179.7966,0.03632151957377823,0.9932519491922895,False,False,No setup,Neutral,0,Not applicable,No directional setup; confirmation score not applicable.,Narrow CPR,Not applicable,Not applicable,Narrow CPR; Wide CPR rules not applied,0,0,-2,-2
2026-09-15,2026-09-15,CM,NSE,STK,2004,INE00PV01013,AHLADA,EQ,,,,,AHLADA ENGINEERS LIMITED,34.85,36.09,34.0,34.99,35.0,35.06,,34.99,,,10913,381889.85,105,F1,1,,,,,,Cash Only,Unclassified,False,35.02666666666667,35.045,35.00833333333334,35.045,35.00833333333334,0.03666666666666174,0.10479184528911613,Narrow,Bearish,Below CPR,False,True,0.13333333333333333,60,352548.655,Lower,True,Risk Off,True,1.720714285714285,37.763000000000005,39.6563,0.02130898021308695,1.0832259450826722,False,False,No setup,Neutral,0,Not applicable,No directional setup; confirmation score not applicable.,Narrow CPR,Not applicable,Not applicable,Narrow CPR; Wide CPR rules not applied,0,0,0,0
2026-09-15,2026-09-15,CM,NSE,STK,761056,INE0B9A01018,BONLON,EQ,,,,,BONLON INDUSTRIES LIMITED,40.1,40.99,36.25,38.56,38.49,40.1,,38.54,,,6018,232449.0,207,F1,1,,,,,,Cash Only,Unclassified,False,38.6,38.620000000000005,38.58,38.620000000000005,38.58,0.04000000000000625,0.10373443983404111,Narrow,Bearish,Below CPR,False,True,0.08333333333333333,60,223890.485,Lower,True,Risk Off,True,2.5421428571428577,40.9968,43.67679999999999,0.015734756954203073,1.038226345349156,False,False,No setup,Neutral,0,Not applicable,No directional setup; confirmation score not applicable.,Narrow CPR,Not applicable,Not applicable,Narrow CPR; Wide CPR rules not applied,0,0,0,0
2026-09-15,2026-09-15,CM,NSE,STK,17029,INE619A01035,PATANJALI,EQ,,,,,PATANJALI FOODS LIMITED,341.0,342.4,335.75,338.55,338.55,341.0,,338.53,,,2567906,867580727.4,22890,F1,1,,,,,,F&O + Cash,Fast Moving Consumer Goods,True,338.90000000000003,339.075,338.7250000000001,339.075,338.7250000000001,0.34999999999990905,0.1033820705951585,Narrow,Bearish,Below CPR,False,True,0.26666666666666666,60,858313472.5,Inside,True,Risk Off,False,5.285714285714282,355.56,398.32099999999997,0.06621621621619905,1.0107970516564388,False,False,No setup,Neutral,0,Not applicable,No directional setup; confirmation score not applicable.,Narrow CPR,Not applicable,Not applicable,Narrow CPR; Wide CPR rules not applied,0,0,0,0
2026-09-15,2026-09-15,CM,NSE,STK,762904,INE220Z01013,SHINDL,EQ,,,,,SHARAT INDUSTRIES LTD.,164.69,164.69,158.77,161.48,162.69,163.02,,161.48,,,154154,24833149.09,917,F1,1,,,,,,Cash Only,Unclassified,False,161.64666666666668,161.73000000000002,161.56333333333333,161.73000000000002,161.56333333333333,0.16666666666668561,0.10321195607300325,Narrow,Bearish,Below CPR,False,True,0.13333333333333333,60,21972577.68,Lower,True,Risk Off,True,5.660000000000001,161.0474,156.6239,0.029446407538283672,1.1301882488099595,True,True,No setup,Neutral,0,Not applicable,No directional setup; confirmation score not applicable.,Narrow CPR,Not applicable,Not applicable,Narrow CPR; Wide CPR rules not applied,0,0,0,0
2026-09-15,2026-09-15,CM,NSE,STK,9117,INE716B01029,TIPSMUSIC,EQ,,,,,TIPS MUSIC LIMITED,660.8,668.0,652.2,659.15,656.1,661.55,,659.18,,,210300,139580418.85,11261,F1,1,,,,,,Cash Only,Unclassified,False,659.7833333333333,660.1,659.4666666666666,660.1,659.4666666666666,0.6333333333334394,0.09608333965462178,Narrow,Bearish,Below CPR,False,True,0.16666666666666666,60,141383347.925,Inside,True,Risk Off,True,17.84999999999999,667.5509999999999,660.5375,0.035480859010276734,0.9872479390150216,False,False,No setup,Neutral,0,Not applicable,No directional setup; confirmation score not applicable.,Narrow CPR,Not applicable,Not applicable,Narrow CPR; Wide CPR rules not applied,0,0,0,0
2026-09-15,2026-09-15,CM,NSE,STK,20551,INE321T01012,DOMS,EQ,,,,,DOMS INDUSTRIES LIMITED,2125.1,2143.8,2103.0,2120.4,2103.0,2121.0,,2120.43,,,19480,41302297.6,4047,F1,1,,,,,,Cash Only,Fast Moving Consumer Goods,True,2122.4,2123.4,2121.4,2123.4,2121.4,2.0,0.09432182607055273,Narrow,Bearish,Below CPR,False,True,0.21666666666666667,60,80158766.3,Lower,True,Risk Off,True,41.04285714285724,2238.8920000000003,2250.2039999999997,0.048729550991994317,0.515256153586785,False,False,No setup,Neutral,0,Not applicable,No directional setup; confirmation score not applicable.,Narrow CPR,Not applicable,Not applicable,Narrow CPR; Wide CPR rules not applied,0,0,-2,-2
2026-09-15,2026-09-15,CM,NSE,STK,15254,INE482A01020,CEATLTD,EQ,,,,,CEAT LIMITED,3285.9,3322.0,3252.0,3282.5,3264.7,3278.5,,3282.11,,,60254,198839769.9,10118,F1,1,,,,,,Cash Only,Automobile and Auto Components,True,3285.5,3287.0,3284.0,3287.0,3284.0,3.0,0.09139375476009139,Narrow,Bearish,Below CPR,False,True,0.23333333333333334,60,325072563.05,Higher,True,Risk Off,True,67.82142857142857,3548.9260000000004,3455.6619999999994,0.044233807266982623,0.6116781066798802,False,False,No setup,Neutral,0,Not applicable,No directional setup; confirmation score not applicable.,Narrow CPR,Not applicable,Not applicable,Narrow CPR; Wide CPR rules not applied,0,0,0,0
2026-09-15,2026-09-15,CM,NSE,STK,4953,INE737B01033,ADROITINFO,EQ,,,,,ADROIT INFOTECH LIMITED,11.06,11.29,10.82,11.04,11.12,11.02,,11.04,,,36084,398277.55,187,F1,1,,,,,,Cash Only,Unclassified,False,11.049999999999999,11.055,11.044999999999998,11.055,11.044999999999998,0.010000000000001563,0.0905797101449417,Narrow,Bearish,Below CPR,False,True,0.06666666666666667,60,194447.59999999998,Higher,True,Risk Off,True,0.640714285714286,9.8494,9.5898,0.015607580824974562,2.048251302664574,True,True,No setup,Neutral,0,Not applicable,No directional setup; confirmation score not applicable.,Narrow CPR,Not applicable,Not applicable,Narrow CPR; Wide CPR rules not applied,0,0,0,0
2026-09-15,2026-09-15,CM,NSE,STK,3384,INE277A01016,SWARAJENG,EQ,,,,,SWARAJ ENGINES LTD,3579.0,3599.0,3549.0,3569.2,3598.8,3576.0,,3568.77,,,7502,26768659.7,1893,F1,1,,,,,,Cash Only,Unclassified,False,3572.4,3574.0,3570.8,3574.0,3570.8,3.199999999999818,0.08965594530986827,Narrow,Bearish,Below CPR,False,True,0.2,60,27781165.85,Overlapping,True,Risk Off,True,65.9857142857143,3618.724,3736.42,0.04849534531283552,0.9635542239131767,False,False,No setup,Neutral,0,Not applicable,No directional setup; confirmation score not applicable.,Narrow CPR,Not applicable,Not applicable,Narrow CPR; Wide CPR rules not applied,0,0,-2,-2
2026-09-15,2026-09-15,CM,NSE,STK,762588,INE469A01019,BIMETAL,EQ,,,,,BIMETAL BEARINGS LTD.,658.65,658.65,623.0,640.0,640.0,640.5,,640.0,,,193,122691.65,29,F1,1,,,,,,Cash Only,Unclassified,False,640.5500000000001,640.825,640.2750000000001,640.825,640.2750000000001,0.5499999999999545,0.0859374999999929,Narrow,Bearish,Below CPR,False,True,0.15,60,286952.3,Overlapping,True,Risk Off,True,28.30000000000001,648.234,629.9055,0.019434628975263404,0.42756810103978954,False,True,No setup,Neutral,0,Not applicable,No directional setup; confirmation score not applicable.,Narrow CPR,Not applicable,Not applicable,Narrow CPR; Wide CPR rules not applied,0,0,0,0
2026-09-15,2026-09-15,CM,NSE,STK,8585,INE589A01014,NLCINDIA,EQ,,,,,NLC INDIA LIMITED,264.45,266.4,256.3,261.05,259.45,264.4,,261.05,,,1337838,349445094.25,30188,F1,1,,,,,,Cash Only,Power,True,261.25,261.35,261.15,261.35,261.15,0.20000000000004547,0.0766136755411015,Narrow,Bearish,Below CPR,False,True,0.05,60,550303650.525,Lower,True,Risk Off,True,6.80714285714285,285.404,306.7285,0.029380902413437982,0.6350041362012098,False,False,No setup,Neutral,0,Not applicable,No directional setup; confirmation score not applicable.,Narrow CPR,Not applicable,Not applicable,Narrow CPR; Wide CPR rules not applied,0,0,0,0
2026-09-15,2026-09-15,CM,NSE,STK,10990,INE944F01028,RADICO,EQ,,,,,RADICO KHAITAN LTD,4370.1,4431.0,4298.8,4360.0,4360.0,4368.1,,4359.97,,,242365,1058438903.1,36247,F1,1,,,,,,F&O + Cash,Fast Moving Consumer Goods,True,4363.266666666666,4364.9,4361.633333333333,4364.9,4361.633333333333,3.266666666666424,0.07492354740060606,Narrow,Bearish,Below CPR,False,True,0.08333333333333333,60,1158620296.75,Lower,True,Risk Off,True,95.52142857142859,4393.774,3977.5429999999997,0.034198260175973924,0.9135338868730206,False,True,No setup,Neutral,0,Not applicable,No directional setup; confirmation score not applicable.,Narrow CPR,Not applicable,Not applicable,Narrow CPR; Wide CPR rules not applied,0,0,0,0
2026-09-15,2026-09-15,CM,NSE,STK,16589,INE972X01022,VAISHALI,EQ,,,,,VAISHALI PHARMA LIMITED,9.25,9.25,8.81,9.02,9.1,8.77,,9.02,,,357226,3253755.61,584,F1,1,,,,,,Cash Only,Unclassified,False,9.026666666666667,9.030000000000001,9.023333333333333,9.030000000000001,9.023333333333333,0.006666666666667709,0.07390983000740255,Narrow,Bearish,Below CPR,False,True,0.03333333333333333,60,1259055.15,Higher,True,Risk Off,True,0.49357142857142844,7.7948,7.5273,0.01350699469368277,2.584283627289877,True,True,No setup,Neutral,0,Not applicable,No directional setup; confirmation score not applicable.,Narrow CPR,Not applicable,Not applicable,Narrow CPR; Wide CPR rules not applied,0,0,0,0
2026-09-15,2026-09-15,CM,NSE,STK,4007,INE558D01021,CORALFINAC,EQ,,,,,CORAL INDIA FIN & HOUS LT,31.65,33.96,31.65,32.77,32.37,32.16,,32.77,,,13223,433724.18,308,F1,1,,,,,,Cash Only,Unclassified,False,32.79333333333333,32.805,32.78166666666666,32.805,32.78166666666666,0.023333333333340533,0.07120333638492686,Narrow,Bearish,Below CPR,False,True,0.06666666666666667,60,727523.875,Higher,True,Risk Off,True,1.4771428571428584,33.1326,32.9766,0.0157962604771164,0.5961648750015248,False,False,No setup,Neutral,0,Not applicable,No directional setup; confirmation score not applicable.,Narrow CPR,Not applicable,Not applicable,Narrow CPR; Wide CPR rules not applied,0,0,0,0
2026-09-15,2026-09-15,CM,NSE,STK,11630,INE733E01010,NTPC,EQ,,,,,NTPC LTD,333.0,333.3,326.4,329.5,329.5,333.4,,329.5,,,8445501,2773161043.5,88696,F1,1,,,,,,F&O + Cash,Power,True,329.73333333333335,329.85,329.6166666666667,329.85,329.6166666666667,0.2333333333333485,0.07081436519980226,Narrow,Bearish,Below CPR,False,True,0.26666666666666666,60,2897581154.05,Lower,True,Risk Off,False,5.624999999999992,340.66100000000006,359.16450000000003,0.041481481481484235,0.9570606985843706,False,False,No setup,Neutral,0,Not applicable,No directional setup; confirmation score not applicable.,Narrow CPR,Not applicable,Not applicable,Narrow CPR; Wide CPR rules not applied,0,0,0,0
2026-09-15,2026-09-15,CM,NSE,STK,919,INE230A01023,EIHOTEL,EQ,,,,,EIH LIMITED,286.55,287.9,280.3,283.8,283.5,286.45,,283.79,,,203168,57572230.45,8926,F1,1,,,,,,Cash Only,Consumer Services,True,284.0,284.1,283.9,284.1,283.9,0.20000000000004547,0.07047216349543532,Narrow,Bearish,Below CPR,False,True,0.15,60,46150393.875,Lower,True,Risk Off,True,8.514285714285702,312.17,314.236,0.023489932885911415,1.2474916380115078,False,False,No setup,Neutral,0,Not applicable,No directional setup; confirmation score not applicable.,Narrow CPR,Not applicable,Not applicable,Narrow CPR; Wide CPR rules not applied,0,0,0,0
2026-09-15,2026-09-15,CM,NSE,STK,11840,INE410P01011,NH,EQ,,,,,NARAYANA HRUDAYALAYA LTD.,1899.0,1914.9,1878.9,1894.9,1899.0,1869.2,,1894.94,,,249620,474608029.4,39145,F1,1,,,,,,Cash Only,Healthcare,True,1896.2333333333336,1896.9,1895.566666666667,1896.9,1895.566666666667,1.3333333333330302,0.07036431122133253,Narrow,Bearish,Below CPR,False,True,0.08333333333333333,60,433140559.5,Higher,True,Risk Off,True,42.72142857142857,1929.3020000000001,1906.4129999999998,0.031209942595991344,1.0957367510165021,False,False,No setup,Neutral,0,Not applicable,No directional setup; confirmation score not applicable.,Narrow CPR,Not applicable,Not applicable,Narrow CPR; Wide CPR rules not applied,0,0,0,0
2026-09-15,2026-09-15,CM,NSE,STK,1186,INE068V01023,GLAND,EQ,,,,,GLAND PHARMA LIMITED,2930.0,2940.0,2856.9,2895.5,2909.0,2922.3,,2891.92,,,497958,1441792553.6,47249,F1,1,,,,,,Cash Only,Healthcare,True,2897.4666666666667,2898.45,2896.4833333333336,2898.45,2896.4833333333336,1.9666666666662422,0.06792148736543747,Narrow,Bearish,Below CPR,False,True,0.08333333333333333,60,1304508380.25,Lower,True,Risk Off,True,89.38571428571429,2700.33,2421.1639999999998,0.022002024399334658,1.10523824563219,True,True,No setup,Neutral,0,Not applicable,No directional setup; confirmation score not applicable.,Narrow CPR,Not applicable,Not applicable,Narrow CPR; Wide CPR rules not applied,0,0,0,0
2026-09-15,2026-09-15,CM,NSE,STK,2844,INE384A01010,RANEHOLDIN,EQ,,,,,RANE HOLDINGS LIMITED,1697.7,1699.9,1641.5,1669.0,1669.0,1696.2,,1673.22,,,15327,25587047.4,1339,F1,1,,,,,,Cash Only,Unclassified,False,1670.1333333333332,1670.7,1669.5666666666664,1670.7,1669.5666666666664,1.1333333333336668,0.06790493309368885,Narrow,Bearish,Below CPR,False,True,0.08333333333333333,60,22432925.299999997,Lower,True,Risk Off,True,55.342857142857156,1702.5780000000002,1557.975,0.02047840302874462,1.1406023538089347,False,True,No setup,Neutral,0,Not applicable,No directional setup; confirmation score not applicable.,Narrow CPR,Not applicable,Not applicable,Narrow CPR; Wide CPR rules not applied,0,0,0,0
2026-09-15,2026-09-15,CM,NSE,STK,14937,INE536H01010,CIEINDIA,EQ,,,,,CIE AUTOMOTIVE INDIA LTD,382.75,382.75,368.0,375.0,373.6,379.65,,374.99,,,207605,78277427.4,14608,F1,1,,,,,,Cash Only,Automobile and Auto Components,True,375.25,375.375,375.125,375.375,375.125,0.25,0.06666666666666667,Narrow,Bearish,Below CPR,False,True,0.08333333333333333,60,100567227.875,Lower,True,Risk Off,True,6.957142857142851,416.702,439.1975,0.03593429158110886,0.7783592036293862,False,False,No setup,Neutral,0,Not applicable,No directional setup; confirmation score not applicable.,Narrow CPR,Not applicable,Not applicable,Narrow CPR; Wide CPR rules not applied,0,0,0,0
2026-09-15,2026-09-15,CM,NSE,STK,2829,INE930P01018,ANURAS,EQ,,,,,ANUPAM RASAYAN INDIA LTD,1224.8,1227.3,1115.8,1170.4,1180.0,1219.4,,1170.34,,,493232,581068276.2,24790,F1,1,,,,,,Cash Only,Chemicals,True,1171.1666666666667,1171.55,1170.7833333333335,1171.55,1170.7833333333335,0.7666666666664241,0.06550467076780794,Narrow,Bearish,Below CPR,False,True,0.31666666666666665,60,288793535.75,Lower,True,Risk Off,False,25.464285714285715,1237.0379999999998,1278.36,0.030107526881710905,2.0120543027078472,False,False,No setup,Neutral,0,Not applicable,No directional setup; confirmation score not applicable.,Narrow CPR,Not applicable,Not applicable,Narrow CPR; Wide CPR rules not applied,0,0,0,0
2026-09-15,2026-09-15,CM,NSE,STK,5435,INE852O01025,APTUS,EQ,,,,,APTUS VALUE HSG FIN I LTD,249.01,249.66,240.4,244.83,241.99,249.11,,244.82,,,1042351,254422090.21,25725,F1,1,,,,,,Cash Only,Financial Services,True,244.96333333333334,245.03,244.89666666666668,245.03,244.89666666666668,0.13333333333332575,0.054459556971500934,Narrow,Bearish,Below CPR,False,True,0.05,60,242934201.825,Lower,True,Risk Off,True,6.931428571428575,267.5674,267.1074,0.019236053860949707,1.0472880652402967,False,False,No setup,Neutral,0,Not applicable,No directional setup; confirmation score not applicable.,Narrow CPR,Not applicable,Not applicable,Narrow CPR; Wide CPR rules not applied,0,0,0,0
2026-09-15,2026-09-15,CM,NSE,STK,761153,INE00XB01019,SEDEMAC,EQ,,,,,SEDEMAC MECHATRONICS LTD,2944.0,2995.0,2911.0,2950.7,2942.8,2906.2,,2950.77,,,95665,282573067.0,15652,F1,1,,,,,,Cash Only,Unclassified,False,2952.2333333333336,2953.0,2951.466666666667,2953.0,2951.466666666667,1.5333333333328483,0.05196507043524751,Narrow,Bearish,Below CPR,False,True,0.03333333333333333,60,299501292.75,Higher,True,Risk Off,True,117.64285714285718,2887.566,2599.527,0.013033798826144425,0.9434786220968657,True,True,No setup,Neutral,0,Not applicable,No directional setup; confirmation score not applicable.,Narrow CPR,Not applicable,Not applicable,Narrow CPR; Wide CPR rules not applied,0,0,0,0
2026-09-15,2026-09-15,CM,NSE,STK,10604,INE397D01024,BHARTIARTL,EQ,,,,,BHARTI AIRTEL LIMITED,1844.0,1844.0,1819.6,1830.4,1830.4,1831.1,,1830.4,,,4066471,7444061033.5,124050,F1,1,,,,,,F&O + Cash,Telecommunication,True,1831.3333333333333,1831.8,1830.8666666666666,1831.8,1830.8666666666666,0.933333333333394,0.05099067599067931,Narrow,Bearish,Below CPR,False,True,0.11666666666666667,60,10703956850.15,Lower,True,Risk Off,True,34.6857142857143,1913.9679999999998,1881.672,0.02690829214717362,0.6954494620739884,False,False,No setup,Neutral,0,Not applicable,No directional setup; confirmation score not applicable.,Narrow CPR,Not applicable,Not applicable,Narrow CPR; Wide CPR rules not applied,0,0,0,0
2026-09-15,2026-09-15,CM,NSE,STK,14466,INE884B01025,KIRLFER,EQ,,,,,KIRLOSKAR FERROUS IND LTD,469.4,469.4,461.0,464.85,465.3,465.1,,464.85,,,211119,98139376.35,5419,F1,1,,,,,,Cash Only,Unclassified,False,465.0833333333333,465.2,464.96666666666664,465.2,464.96666666666664,0.2333333333333485,0.050195403535193826,Narrow,Bearish,Below CPR,False,True,0.08333333333333333,60,34135881.900000006,Higher,True,Risk Off,True,11.589285714285698,457.04299999999995,450.84799999999996,0.02013353877760791,2.874962382325326,True,True,No setup,Neutral,0,Not applicable,No directional setup; confirmation score not applicable.,Narrow CPR,Not applicable,Not applicable,Narrow CPR; Wide CPR rules not applied,0,0,0,0
2026-09-15,2026-09-15,CM,NSE,STK,1919,INE082A01010,KOPRAN,EQ,,,,,KOPRAN LTD,235.26,267.0,233.15,249.9,249.0,235.26,,249.89,,,15857726,4017194139.23,214546,F1,1,,,,,,Cash Only,Unclassified,False,250.01666666666665,250.075,249.95833333333331,250.075,249.95833333333331,0.11666666666667425,0.046685340802990895,Narrow,Bearish,Below CPR,False,True,0.016666666666666666,60,46618598.22,Higher,True,Risk Off,True,16.89214285714286,175.64899999999997,152.1193,0.006906564054858299,86.17149147797778,True,True,No setup,Neutral,0,Not applicable,No directional setup; confirmation score not applicable.,Narrow CPR,Not applicable,Not applicable,Narrow CPR; Wide CPR rules not applied,0,0,0,0
2026-09-15,2026-09-15,CM,NSE,STK,27334,INE877V01027,SURAKSHA,EQ,,,,,SURAKSHA DIAGNOSTIC LTD,323.75,328.85,317.7,323.05,326.5,323.75,,322.96,,,70378,22864283.3,4928,F1,1,,,,,,Cash Only,Unclassified,False,323.2,323.275,323.125,323.275,323.125,0.14999999999997726,0.04643244079863094,Narrow,Bearish,Below CPR,False,True,0.08333333333333333,60,15017160.8,Lower,True,Risk Off,True,11.928571428571429,289.21,286.339,0.01257485029939929,1.5225436821586142,True,True,No setup,Neutral,0,Not applicable,No directional setup; confirmation score not applicable.,Narrow CPR,Not applicable,Not applicable,Narrow CPR; Wide CPR rules not applied,0,0,0,0
2026-09-15,2026-09-15,CM,NSE,STK,765205,INE400A01014,TUTIALKA,EQ,,,,,TUTICORIN ALKAL CH & FE L,60.79,60.79,58.85,59.78,59.85,59.19,,59.87,,,6626,395249.86,84,F1,1,,,,,,Cash Only,Unclassified,False,59.80666666666667,59.82,59.793333333333344,59.82,59.793333333333344,0.026666666666656624,0.044608007137264344,Narrow,Bearish,Below CPR,False,True,0.047619047619047616,21,693551.36,Higher,True,Risk Off,True,3.5414285714285723,,,0.0075299179776763345,0.5698927041250413,False,False,No setup,Neutral,0,Not applicable,No directional setup; confirmation score not applicable.,Narrow CPR,Not applicable,Not applicable,Narrow CPR; Wide CPR rules not applied,0,0,0,0
2026-09-15,2026-09-15,CM,NSE,STK,17547,INE098F01031,AMRUTANJAN,EQ,,,,,AMRUTAJAN HEALTH LTD,489.0,494.85,485.0,489.6,486.3,490.95,,489.6,,,26954,13181006.75,1336,F1,1,,,,,,Cash Only,Unclassified,False,489.81666666666666,489.925,489.7083333333333,489.925,489.7083333333333,0.21666666666669698,0.044253812636171765,Narrow,Bearish,Below CPR,False,True,0.06666666666666667,60,25934279.825,Lower,True,Risk Off,True,14.28214285714286,516.607,536.0435,0.015170459281489157,0.5082464922466765,False,False,No setup,Neutral,0,Not applicable,No directional setup; confirmation score not applicable.,Narrow CPR,Not applicable,Not applicable,Narrow CPR; Wide CPR rules not applied,0,0,0,0
2026-09-15,2026-09-15,CM,NSE,STK,940,INE199A01012,PGHL,EQ,,,,,PROCTER & GAMBLE HEALTH L,5405.0,5459.5,5363.5,5408.0,5400.0,5411.5,,5408.26,,,10415,56438400.5,2839,F1,1,,,,,,Cash Only,Unclassified,False,5410.333333333333,5411.5,5409.166666666666,5411.5,5409.166666666666,2.3333333333339397,0.04314595660750628,Narrow,Bearish,Below CPR,False,True,0.1,60,66157238.0,Higher,True,Risk Off,True,118.60714285714286,6165.62,5984.5740000000005,0.019672789320490908,0.8530948722496546,False,False,No setup,Neutral,0,Not applicable,No directional setup; confirmation score not applicable.,Narrow CPR,Not applicable,Not applicable,Narrow CPR; Wide CPR rules not applied,0,0,0,0
2026-09-15,2026-09-15,CM,NSE,STK,18250,INE0MIS01010,PYRAMID,EQ,,,,,PYRAMID TECHNOPLAST LTD,157.0,158.0,152.1,154.96,153.3,157.74,,155.0,,,41198,6389292.44,1018,F1,1,,,,,,Cash Only,Unclassified,False,155.02,155.05,154.99,155.05,154.99,0.060000000000002274,0.03871966959215428,Narrow,Bearish,Below CPR,False,True,0.03333333333333333,60,6370784.54,Lower,True,Risk Off,True,4.806428571428569,165.67700000000002,167.42739999999998,0.012483281319661648,1.0029051210072788,False,False,No setup,Neutral,0,Not applicable,No directional setup; confirmation score not applicable.,Narrow CPR,Not applicable,Not applicable,Narrow CPR; Wide CPR rules not applied,0,0,0,0
2026-09-15,2026-09-15,CM,NSE,STK,24398,INE168P01015,EMCURE,EQ,,,,,EMCURE PHARMACEUTICALS L,1977.0,2014.3,1974.0,1993.0,2005.0,1978.9,,1993.01,,,239137,477733914.4,29588,F1,1,,,,,,Cash Only,Healthcare,True,1993.7666666666667,1994.15,1993.3833333333332,1994.15,1993.3833333333332,0.7666666666668789,0.03846797123265825,Narrow,Bearish,Below CPR,False,True,0.08333333333333333,60,238793844.85000002,Higher,True,Risk Off,True,47.3142857142857,1895.5739999999998,1812.4820000000002,0.016203703703708192,2.0006123470229804,True,True,No setup,Neutral,0,Not applicable,No directional setup; confirmation score not applicable.,Narrow CPR,Not applicable,Not applicable,Narrow CPR; Wide CPR rules not applied,0,0,0,0
2026-09-15,2026-09-15,CM,NSE,STK,24321,INE0S2V01010,VRAJ,EQ,,,,,VRAJ IRON AND STEEL LTD,123.63,127.0,123.3,125.08,124.51,125.5,,125.08,,,18615,2325507.58,438,F1,1,,,,,,Cash Only,Unclassified,False,125.12666666666667,125.15,125.10333333333332,125.15,125.10333333333332,0.04666666666668107,0.0373094552819644,Narrow,Bearish,Below CPR,False,True,0.08333333333333333,60,2335242.27,Lower,True,Risk Off,True,3.9892857142857148,124.8576,124.29780000000001,0.011698000596840374,0.9958314003968419,True,True,No setup,Neutral,0,Not applicable,No directional setup; confirmation score not applicable.,Narrow CPR,Not applicable,Not applicable,Narrow CPR; Wide CPR rules not applied,0,0,0,0
2026-09-15,2026-09-15,CM,NSE,STK,4822,INE021O01019,DODLA,EQ,,,,,DODLA DAIRY LIMITED,1078.1,1094.5,1067.1,1080.3,1088.9,1090.8,,1080.16,,,23425,25355874.9,2257,F1,1,,,,,,Cash Only,Unclassified,False,1080.6333333333332,1080.8,1080.4666666666665,1080.8,1080.4666666666665,0.3333333333334849,0.030855626523510593,Narrow,Bearish,Below CPR,False,True,0.05,60,17766865.95,Lower,True,Risk Off,True,31.20714285714288,1080.352,1087.7905,0.010681315327692344,1.4271439302439268,False,False,No setup,Neutral,0,Not applicable,No directional setup; confirmation score not applicable.,Narrow CPR,Not applicable,Not applicable,Narrow CPR; Wide CPR rules not applied,0,0,0,0
2026-09-15,2026-09-15,CM,NSE,STK,13740,INE635A01023,SHYAMTEL,EQ,,,,,SHYAM TELECOM LIMITED,11.86,11.86,10.55,11.2,11.27,11.48,,11.2,,,1365,15084.89,83,F1,1,,,,,,Cash Only,Unclassified,False,11.203333333333333,11.205,11.201666666666666,11.205,11.201666666666666,0.0033333333333338544,0.029761904761909416,Narrow,Bearish,Below CPR,False,True,0.05,60,83047.805,Lower,True,Risk Off,True,0.8764285714285711,11.243999999999998,11.0438,0.0038033143167623454,0.18164104397461198,False,True,No setup,Neutral,0,Not applicable,No directional setup; confirmation score not applicable.,Narrow CPR,Not applicable,Not applicable,Narrow CPR; Wide CPR rules not applied,0,0,0,0
2026-09-15,2026-09-15,CM,NSE,STK,811,INE499A01024,DCMSHRIRAM,EQ,,,,,DCM SHRIRAM LIMITED,996.0,1004.0,985.0,994.1,985.0,1000.0,,994.23,,,54350,54087581.1,8393,F1,1,,,,,,Cash Only,Diversified,True,994.3666666666667,994.5,994.2333333333333,994.5,994.2333333333333,0.2666666666666515,0.026824933775943215,Narrow,Bearish,Below CPR,False,True,0.03333333333333333,60,69197181.7,Lower,True,Risk Off,True,24.392857142857142,1028.0379999999998,1063.048,0.010932162030258041,0.7816442775732295,False,False,No setup,Neutral,0,Not applicable,No directional setup; confirmation score not applicable.,Narrow CPR,Not applicable,Not applicable,Narrow CPR; Wide CPR rules not applied,0,0,0,0
2026-09-15,2026-09-15,CM,NSE,STK,22930,INE0PT501018,PLATIND,EQ,,,,,PLATINUM INDUSTRIES LTD,221.2,221.9,216.0,218.88,218.15,221.05,,218.84,,,39048,8526668.39,3097,F1,1,,,,,,Cash Only,Unclassified,False,218.92666666666665,218.95,218.9033333333333,218.95,218.9033333333333,0.04666666666668107,0.02132066276803777,Narrow,Bearish,Below CPR,False,True,0.03333333333333333,60,13242487.245000001,Lower,True,Risk Off,True,9.34142857142857,225.581,227.40720000000002,0.0049956670235015675,0.6438872269421619,False,False,No setup,Neutral,0,Not applicable,No directional setup; confirmation score not applicable.,Narrow CPR,Not applicable,Not applicable,Narrow CPR; Wide CPR rules not applied,0,0,0,0
2026-09-15,2026-09-15,CM,NSE,STK,8175,INE976T01013,SAGARDEEP,EQ,,,,,SAGARDEEP ALLOYS LIMITED,23.79,23.79,23.52,23.65,23.65,23.79,,23.65,,,4366,103398.91,57,F1,1,,,,,,Cash Only,Unclassified,False,23.653333333333336,23.655,23.65166666666667,23.655,23.65166666666667,0.0033333333333303017,0.014094432699071045,Narrow,Bearish,Below CPR,False,True,0.016666666666666666,60,143386.37,Lower,True,Risk Off,True,0.9535714285714284,24.157200000000003,24.441099999999995,0.003495630461919418,0.7211209126781019,False,False,No setup,Neutral,0,Not applicable,No directional setup; confirmation score not applicable.,Narrow CPR,Not applicable,Not applicable,Narrow CPR; Wide CPR rules not applied,0,0,0,0
2026-09-15,2026-09-15,CM,NSE,STK,31017,INE480M01011,THOMASCOTT,EQ,,,,,THOMAS SCOTT (INDIA) LTD,236.6,246.15,229.75,237.9,236.3,237.55,,237.88,,,60938,14460029.6,2602,F1,1,,,,,,Cash Only,Unclassified,False,237.9333333333333,237.95,237.91666666666663,237.95,237.91666666666663,0.03333333333335986,0.014011489421336638,Narrow,Bearish,Below CPR,False,True,0.05,60,10816834.774999999,Inside,True,Risk Off,True,11.85714285714285,296.18100000000004,288.9664,0.0028112449799219176,1.3368078463600275,False,False,No setup,Neutral,0,Not applicable,No directional setup; confirmation score not applicable.,Narrow CPR,Not applicable,Not applicable,Narrow CPR; Wide CPR rules not applied,0,0,0,0
2026-09-15,2026-09-15,CM,NSE,STK,756782,INE0GGO01015,KRISHIVAL,EQ,,,,,KRISHIVAL FOODS LIMITED,420.65,421.1,418.0,419.5,420.9,419.95,,419.5,,,7459,3132978.65,291,F1,1,,,,,,Cash Only,Unclassified,False,419.5333333333333,419.55,419.5166666666666,419.55,419.5166666666666,0.033333333333416704,0.007945967421553445,Narrow,Bearish,Below CPR,False,True,0.05,60,4146562.5,Higher,True,Risk Off,True,6.88928571428571,400.126,392.301,0.004838430965970287,0.7555604551963222,True,True,No setup,Neutral,0,Not applicable,No directional setup; confirmation score not applicable.,Narrow CPR,Not applicable,Not applicable,Narrow CPR; Wide CPR rules not applied,0,0,0,0
2026-09-15,2026-09-15,CM,NSE,STK,25855,INE692Z01013,AFFORDABLE,EQ,,,,,AFFORD ROBO & AUTO LTD,159.09,161.88,156.01,158.93,160.0,159.88,,158.88,,,16702,2654392.36,559,F1,1,,,,,,Cash Only,Unclassified,False,158.94,158.945,158.935,158.945,158.935,0.009999999999990905,0.006292078273447999,Narrow,Bearish,Below CPR,False,True,0.03333333333333333,60,6659773.345000001,Lower,True,Risk Off,True,10.232142857142858,167.05399999999997,181.72310000000002,0.0009773123909240676,0.3985709756913656,False,False,No setup,Neutral,0,Not applicable,No directional setup; confirmation score not applicable.,Narrow CPR,Not applicable,Not applicable,Narrow CPR; Wide CPR rules not applied,0,0,0,0
2026-09-15,2026-09-15,CM,NSE,STK,25328,INE901L01018,APLLTD,EQ,,,,,ALEMBIC PHARMA LTD,811.0,839.35,810.2,824.75,825.0,810.95,,824.7,,,165473,137344548.05,14861,F1,1,,,,,,Cash Only,Unclassified,False,824.7666666666668,824.7750000000001,824.7583333333334,824.7750000000001,824.7583333333334,0.01666666666665151,0.002020814388196606,Narrow,Bearish,Below CPR,False,True,0.016666666666666666,60,79428533.07499999,Higher,True,Risk Off,True,25.925000000000004,820.827,792.3055,0.0006428801028602317,1.7291588140034404,True,True,No setup,Neutral,0,Not applicable,No directional setup; confirmation score not applicable.,Narrow CPR,Not applicable,Not applicable,Narrow CPR; Wide CPR rules not applied,0,0,0,0
