TradDt,BizDt,Sgmt,Src,FinInstrmTp,FinInstrmId,ISIN,SYMBOL,SERIES,XpryDt,FininstrmActlXpryDt,StrkPric,OptnTp,NAME,OPEN,HIGH,LOW,CLOSE,LAST,PREVCLOSE,UndrlygPric,SttlmPric,OpnIntrst,ChngInOpnIntrst,VOLUME,VALUE,TtlNbOfTxsExctd,SsnId,NewBrdLotQty,Rmks,Rsvd1,Rsvd2,Rsvd3,Rsvd4,Segment,Industry,Pivot,BC,TC,CPR_Top,CPR_Bottom,CPR_Width,CPR_Width_Pct,CPR_Class,Bias,Price_Position,Bullish_CPR,Bearish_CPR,Width_Rank_Pct,History_Days,Value_60d,Overlay,Own_Narrow,Setup
2026-08-14,2026-08-14,CM,NSE,STK,7835,INE02WG01024,WEL,EQ,,,,,WONDER ELECTRICALS LTD,141.45,149.0,141.09,145.05,144.0,140.0,,145.04,,,1044448,152032154.86,9589,F1,1,,,,,,Cash Only,Unclassified,145.04666666666668,145.04500000000002,145.04833333333335,145.04833333333335,145.04500000000002,0.0033333333333303017,0.002298058140868874,Narrow,Bullish,Above CPR,True,False,0.03333333333333333,60,14615648.09,Higher,True,Long
2026-08-14,2026-08-14,CM,NSE,STK,341,INE119A01028,BALRAMCHIN,EQ,,,,,BALRAMPUR CHINI MILLS LTD,620.95,633.4,616.25,624.85,625.0,619.65,,624.86,,,363038,226471908.0,14913,F1,1,,,,,,Cash Only,Fast Moving Consumer Goods,624.8333333333334,624.825,624.8416666666667,624.8416666666667,624.825,0.01666666666665151,0.0026673068203011134,Narrow,Bullish,Above CPR,True,False,0.016666666666666666,60,248606908.2,Higher,True,Long
2026-08-14,2026-08-14,CM,NSE,STK,13337,INE297H01019,GALLANTT,EQ,,,,,GALLANTT ISPAT LIMITED,581.25,590.0,574.05,582.05,586.0,573.45,,582.0,,,80082,46554252.65,7990,F1,1,,,,,,Cash Only,Capital Goods,582.0333333333333,582.025,582.0416666666666,582.0416666666666,582.025,0.01666666666665151,0.0028634424304873306,Narrow,Bullish,Above CPR,True,False,0.016666666666666666,60,77522422.475,Higher,True,Long
2026-08-14,2026-08-14,CM,NSE,STK,20607,INE616N01034,INOXINDIA,EQ,,,,,INOX INDIA LIMITED,1932.1,1974.6,1911.2,1943.0,1943.4,1941.9,,1943.0,,,130161,251728769.3,12522,F1,1,,,,,,Cash Only,Unclassified,1942.9333333333334,1942.9,1942.9666666666667,1942.9666666666667,1942.9,0.06666666666660603,0.0034311202607620194,Narrow,Bullish,Above CPR,True,False,0.016666666666666666,60,458988763.75,Higher,True,Long
2026-08-14,2026-08-14,CM,NSE,STK,11373,INE376G01013,BIOCON,EQ,,,,,BIOCON LIMITED.,418.0,420.8,413.15,417.0,417.0,420.0,,416.98,,,3992844,1663322905.6,36429,F1,1,,,,,,F&O + Cash,Healthcare,416.98333333333335,416.975,416.9916666666667,416.9916666666667,416.975,0.01666666666665151,0.003996802557950002,Narrow,Bullish,Above CPR,True,False,0.016666666666666666,60,1421959698.2,Lower,True,No setup
2026-08-14,2026-08-14,CM,NSE,STK,25178,INE419M01027,TDPOWERSYS,EQ,,,,,TD POWER SYSTEMS LTD.,1481.0,1505.0,1464.0,1484.6,1490.0,1481.6,,1484.71,,,759298,1125068889.5,36766,F1,1,,,,,,Cash Only,Unclassified,1484.5333333333335,1484.5,1484.566666666667,1484.566666666667,1484.5,0.06666666666706078,0.0044905473977543305,Narrow,Bullish,Above CPR,True,False,0.016666666666666666,60,1213620116.5,Higher,True,Long
2026-08-14,2026-08-14,CM,NSE,STK,5200,INE266D01021,GRAUWEIL,EQ,,,,,GRAUER & WEIL IND LTD,67.0,68.0,66.77,67.39,67.2,66.84,,67.39,,,203896,13715153.59,5089,F1,1,,,,,,Cash Only,Unclassified,67.38666666666666,67.38499999999999,67.38833333333332,67.38833333333332,67.38499999999999,0.0033333333333303017,0.004946332294599053,Narrow,Bullish,Above CPR,True,False,0.016666666666666666,60,16957590.445,Higher,True,Long
2026-08-14,2026-08-14,CM,NSE,STK,6782,INE567A01028,NIPPOBATRY,EQ,,,,,INDO-NATIONAL LIMITED,325.0,336.8,323.45,330.15,333.95,325.6,,330.16,,,3152,1039524.8,110,F1,1,,,,,,Cash Only,Unclassified,330.1333333333333,330.125,330.14166666666665,330.14166666666665,330.125,0.01666666666665151,0.005048210409405273,Narrow,Bullish,Above CPR,True,False,0.016666666666666666,60,1008991.0,Higher,True,Long
2026-08-14,2026-08-14,CM,NSE,STK,20616,INE712B01010,SUPERHOUSE,EQ,,,,,SUPERHOUSE LIMITED,170.0,174.0,165.0,169.52,170.5,168.0,,169.52,,,16710,2839034.23,544,F1,1,,,,,,Cash Only,Unclassified,169.50666666666666,169.5,169.51333333333332,169.51333333333332,169.5,0.013333333333321207,0.007865345288651017,Narrow,Bullish,Above CPR,True,False,0.05,60,753192.5,Higher,True,Long
2026-08-14,2026-08-14,CM,NSE,STK,4487,INE150B01039,ALKYLAMINE,EQ,,,,,ALKYL AMINES CHEM. LTD,1923.1,1928.9,1904.4,1916.9,1919.0,1923.1,,1916.82,,,35382,67756354.3,5194,F1,1,,,,,,Cash Only,Unclassified,1916.7333333333336,1916.65,1916.816666666667,1916.816666666667,1916.65,0.16666666666696983,0.008694593701652136,Narrow,Bullish,Above CPR,True,False,0.03333333333333333,60,131368787.9,Inside,True,No setup
2026-08-14,2026-08-14,CM,NSE,STK,11359,INE680A01011,DHANBANK,EQ,,,,,DHANLAXMI BANK LIMITED,32.4,32.5,32.17,32.34,32.23,32.26,,32.34,,,463383,14988703.93,1479,F1,1,,,,,,Cash Only,Unclassified,32.336666666666666,32.335,32.33833333333333,32.33833333333333,32.335,0.0033333333333303017,0.010307153164286646,Narrow,Bullish,Above CPR,True,False,0.016666666666666666,60,43975995.575,Inside,True,No setup
2026-08-14,2026-08-14,CM,NSE,STK,24445,INE976R01033,AGIIL,EQ,,,,,AGI INFRA LIMITED,300.0,304.9,298.8,301.9,300.5,297.9,,301.89,,,2533929,765206373.35,16522,F1,1,,,,,,Cash Only,Unclassified,301.8666666666667,301.85,301.8833333333333,301.8833333333333,301.85,0.03333333333330302,0.011041183614873475,Narrow,Bullish,Above CPR,True,False,0.03333333333333333,60,710318139.45,Higher,True,Long
2026-08-14,2026-08-14,CM,NSE,STK,4471,INE579B01039,ELPROINTL,EQ,,,,,ELPRO INTERNATIONAL LTD,174.02,175.62,174.02,174.85,175.0,174.73,,174.85,,,6400,1118261.88,127,F1,1,,,,,,Cash Only,Unclassified,174.83,174.82,174.84000000000003,174.84000000000003,174.82,0.020000000000038654,0.011438375750665516,Narrow,Bullish,Above CPR,True,False,0.08333333333333333,60,7505934.845000001,Higher,True,Long
2026-08-14,2026-08-14,CM,NSE,STK,17881,INE950I01011,DBCORP,EQ,,,,,D.B.CORP LTD,212.88,212.88,210.0,211.48,212.15,210.9,,211.48,,,68092,14416834.76,2058,F1,1,,,,,,Cash Only,Unclassified,211.45333333333335,211.44,211.4666666666667,211.4666666666667,211.44,0.026666666666699257,0.012609545425902808,Narrow,Bullish,Above CPR,True,False,0.05,60,16556212.59,Inside,True,No setup
2026-08-14,2026-08-14,CM,NSE,STK,20321,INE274V01019,SHANKARA,EQ,,,,,SHANKARA BLDG PRODUCT LTD,140.51,141.51,140.51,141.04,141.01,141.39,,141.04,,,23699,3342393.89,377,F1,1,,,,,,Cash Only,Unclassified,141.01999999999998,141.01,141.02999999999997,141.02999999999997,141.01,0.01999999999998181,0.014180374361870259,Narrow,Bullish,Above CPR,True,False,0.08333333333333333,60,10993042.86,Lower,True,No setup
2026-08-14,2026-08-14,CM,NSE,STK,6596,INE269A01021,SONATSOFTW,EQ,,,,,SONATA SOFTWARE LTD,327.0,333.0,318.65,325.9,326.9,326.4,,325.9,,,599961,194790013.3,15717,F1,1,,,,,,Cash Only,Information Technology,325.84999999999997,325.825,325.87499999999994,325.87499999999994,325.825,0.049999999999954525,0.015342129487558922,Narrow,Bullish,Above CPR,True,False,0.03333333333333333,60,279661303.2,Inside,True,No setup
2026-08-14,2026-08-14,CM,NSE,STK,25270,INE377Y01014,BAJAJHFL,EQ,,,,,BAJAJ HOUSING FINANCE LTD,84.5,84.57,84.05,84.33,84.4,84.37,,84.33,,,1348710,113702881.87,13364,F1,1,,,,,,Cash Only,Financial Services,84.31666666666666,84.31,84.32333333333332,84.32333333333332,84.31,0.013333333333321207,0.015810901616650313,Narrow,Bullish,Above CPR,True,False,0.05,60,273705424.03,Lower,True,No setup
2026-08-14,2026-08-14,CM,NSE,STK,715,INE492A01029,SUDARCOLOR,EQ,,,,,SUDARSHAN COLORNT IND LTD,423.45,423.45,403.15,413.4,406.25,407.35,,412.74,,,6791,2768779.9,315,F1,1,,,,,,Cash Only,Unclassified,413.3333333333333,413.29999999999995,413.3666666666667,413.3666666666667,413.29999999999995,0.06666666666671972,0.01612643122078368,Narrow,Bullish,Above CPR,True,False,0.03333333333333333,60,2284887.775,Higher,True,Long
2026-08-14,2026-08-14,CM,NSE,STK,1375,INE549A01026,HCC,EQ,,,,,HINDUSTAN CONSTRUCTION CO,19.7,20.0,19.63,19.82,19.86,20.07,,19.82,,,10947392,217130611.09,14258,F1,1,,,,,,Cash Only,Unclassified,19.816666666666666,19.814999999999998,19.818333333333335,19.818333333333335,19.814999999999998,0.003333333333337407,0.01681802892703031,Narrow,Bullish,Above CPR,True,False,0.016666666666666666,60,606087353.8199999,Lower,True,No setup
2026-08-14,2026-08-14,CM,NSE,STK,4344,INE277B01014,PUNJABCHEM,EQ,,,,,PUNJAB CHEM & CROP PROT L,1093.6,1104.9,1084.1,1094.8,1097.0,1094.2,,1094.92,,,2111,2307842.8,445,F1,1,,,,,,Cash Only,Unclassified,1094.6000000000001,1094.5,1094.7000000000003,1094.7000000000003,1094.5,0.20000000000027285,0.018268176835976695,Narrow,Bullish,Above CPR,True,False,0.05,60,10660965.8,Higher,True,Long
2026-08-14,2026-08-14,CM,NSE,STK,758748,INE0PKD01011,MEIL,EQ,,,,,MANGAL ELECTRICAL IND L,272.35,274.85,270.0,272.5,274.85,274.45,,272.41,,,18631,5074825.4,777,F1,1,,,,,,Cash Only,Unclassified,272.45,272.425,272.47499999999997,272.47499999999997,272.425,0.049999999999954525,0.018348623853194322,Narrow,Bullish,Above CPR,True,False,0.016666666666666666,60,17989577.275,Lower,True,No setup
2026-08-14,2026-08-14,CM,NSE,STK,759867,INE0ILV01024,CAPILLARY,EQ,,,,,CAPILLARY TECHNO INDIA L,536.25,544.8,531.0,538.05,539.0,531.05,,538.01,,,398221,214265646.8,9349,F1,1,,,,,,Cash Only,Unclassified,537.9499999999999,537.9,537.9999999999999,537.9999999999999,537.9,0.09999999999990905,0.01858563330543798,Narrow,Bullish,Above CPR,True,False,0.06666666666666667,60,27999034.1,Higher,True,Long
2026-08-14,2026-08-14,CM,NSE,STK,4745,INE084A01016,BANKINDIA,EQ,,,,,BANK OF INDIA,145.0,145.0,143.11,144.1,144.1,144.87,,144.09,,,3859204,556263636.57,32706,F1,1,,,,,,F&O + Cash,Financial Services,144.07000000000002,144.055,144.08500000000004,144.08500000000004,144.055,0.03000000000002956,0.020818875780728354,Narrow,Bullish,Above CPR,True,False,0.016666666666666666,60,1139304003.75,Lower,True,No setup
2026-08-14,2026-08-14,CM,NSE,STK,18679,INE495S01016,HPL,EQ,,,,,HPL ELECTRIC & POWER LTD,317.7,320.0,314.7,317.45,317.4,318.4,,317.47,,,93695,29697107.65,2604,F1,1,,,,,,Cash Only,Unclassified,317.3833333333334,317.35,317.41666666666674,317.41666666666674,317.35,0.06666666666671972,0.021000682522198683,Narrow,Bullish,Above CPR,True,False,0.03333333333333333,60,47255990.525,Lower,True,No setup
2026-08-14,2026-08-14,CM,NSE,STK,14894,INE483A01010,CENTRALBK,EQ,,,,,CENTRAL BANK OF INDIA,31.36,31.48,31.3,31.4,31.4,31.36,,31.4,,,3453194,108391709.22,12257,F1,1,,,,,,Cash Only,Financial Services,31.393333333333334,31.39,31.39666666666667,31.39666666666667,31.39,0.006666666666667709,0.021231422505311178,Narrow,Bullish,Above CPR,True,False,0.03333333333333333,60,291217739.89,Inside,True,No setup
2026-08-14,2026-08-14,CM,NSE,STK,9939,INE840Y01029,ONEPOINT,EQ,,,,,ONE POINT ONE SOL LTD,59.2,59.28,57.44,58.38,57.8,59.42,,58.37,,,1176128,68398675.19,5138,F1,1,,,,,,Cash Only,Unclassified,58.36666666666667,58.36,58.373333333333335,58.373333333333335,58.36,0.013333333333335418,0.022838871759738637,Narrow,Bullish,Above CPR,True,False,0.03333333333333333,60,71823724.455,Lower,True,No setup
2026-08-14,2026-08-14,CM,NSE,STK,104,INE932X01026,SHAREINDIA,EQ,,,,,SHARE IND. SECURITIES LTD,173.31,178.42,170.4,174.47,173.5,173.31,,174.48,,,509646,88502908.39,5949,F1,1,,,,,,Cash Only,Unclassified,174.42999999999998,174.41,174.44999999999996,174.44999999999996,174.41,0.03999999999996362,0.022926577635102665,Narrow,Bullish,Above CPR,True,False,0.03333333333333333,60,76061031.47,Higher,True,Long
2026-08-14,2026-08-14,CM,NSE,STK,15141,INE259A01022,COLPAL,EQ,,,,,COLGATE PALMOLIVE LTD.,1985.5,1989.2,1971.3,1981.0,1981.0,1995.5,,1981.0,,,153432,303526789.7,15668,F1,1,,,,,,F&O + Cash,Fast Moving Consumer Goods,1980.5,1980.25,1980.75,1980.75,1980.25,0.5,0.025239777889954566,Narrow,Bullish,Above CPR,True,False,0.016666666666666666,60,652708434.05,Lower,True,No setup
2026-08-14,2026-08-14,CM,NSE,STK,2885,INE002A01018,RELIANCE,EQ,,,,,RELIANCE INDUSTRIES LTD,1317.0,1317.5,1301.5,1310.0,1310.0,1317.0,,1309.99,,,10497358,13733404720.5,138435,F1,1,,,,,,F&O + Cash,Oil Gas & Consumable Fuels,1309.6666666666667,1309.5,1309.8333333333335,1309.8333333333335,1309.5,0.3333333333334849,0.025445292620876712,Narrow,Bullish,Above CPR,True,False,0.08333333333333333,60,16733818846.0,Lower,True,No setup
2026-08-14,2026-08-14,CM,NSE,STK,761814,INE887D01016,TCC,EQ,,,,,TCC CONCEPT LIMITED,254.7,267.85,251.05,259.55,256.05,254.7,,259.58,,,56180,14514589.0,2422,F1,1,,,,,,Cash Only,Unclassified,259.48333333333335,259.45000000000005,259.51666666666665,259.51666666666665,259.45000000000005,0.06666666666660603,0.025685481281682153,Narrow,Bullish,Above CPR,True,False,0.05,60,5719484.375,Higher,True,Long
2026-08-14,2026-08-14,CM,NSE,STK,11065,INE448G01010,NATHBIOGEN,EQ,,,,,NATH BIO-GENES (I) LTD,156.0,156.0,154.0,155.06,155.1,155.08,,155.06,,,8765,1358211.25,197,F1,1,,,,,,Cash Only,Unclassified,155.02,155.0,155.04000000000002,155.04000000000002,155.0,0.040000000000020464,0.02579646588418707,Narrow,Bullish,Above CPR,True,False,0.05,60,2179910.325,Inside,True,No setup
2026-08-14,2026-08-14,CM,NSE,STK,14435,INE573A01042,JKTYRE,EQ,,,,,JK TYRE & INDUSTRIES LTD,384.0,385.8,382.1,384.1,384.0,383.5,,384.12,,,974368,373989414.5,13222,F1,1,,,,,,Cash Only,Automobile and Auto Components,384.0,383.95000000000005,384.04999999999995,384.04999999999995,383.95000000000005,0.09999999999990905,0.026034886748218963,Narrow,Bullish,Above CPR,True,False,0.03333333333333333,60,394232611.95000005,Lower,True,No setup
2026-08-14,2026-08-14,CM,NSE,STK,5258,INE095A01012,INDUSINDBK,EQ,,,,,INDUSIND BANK LIMITED,1022.5,1026.6,1014.2,1020.8,1020.8,1024.7,,1021.29,,,1034094,1053471951.1,40662,F1,1,,,,,,F&O + Cash,Financial Services,1020.5333333333333,1020.4,1020.6666666666666,1020.6666666666666,1020.4,0.2666666666666515,0.026123301985369468,Narrow,Bullish,Above CPR,True,False,0.016666666666666666,60,1627926475.725,Inside,True,No setup
2026-08-14,2026-08-14,CM,NSE,STK,7053,INE793A01012,ACCELYA,EQ,,,,,ACCELYA SOLN INDIA LTD,1133.9,1147.9,1130.6,1139.7,1142.9,1133.9,,1139.72,,,3790,4317229.9,340,F1,1,,,,,,Cash Only,Unclassified,1139.3999999999999,1139.25,1139.5499999999997,1139.5499999999997,1139.25,0.29999999999972715,0.026322716504319308,Narrow,Bullish,Above CPR,True,False,0.03333333333333333,60,7513193.0,Inside,True,No setup
2026-08-14,2026-08-14,CM,NSE,STK,3772,INE210A01017,WILLAMAGOR,EQ,,,,,WILLIAMSON MAGOR,25.58,25.58,24.52,25.06,24.9,25.98,,25.08,,,6216,155681.44,60,F1,1,,,,,,Cash Only,Unclassified,25.05333333333333,25.049999999999997,25.056666666666665,25.056666666666665,25.049999999999997,0.006666666666667709,0.026602819898913443,Narrow,Bullish,Above CPR,True,False,0.03333333333333333,60,26716.9,Lower,True,No setup
2026-08-14,2026-08-14,CM,NSE,STK,1363,INE038A01020,HINDALCO,EQ,,,,,HINDALCO  INDUSTRIES  LTD,1035.8,1036.8,1021.35,1029.5,1029.5,1046.25,,1029.53,,,3423326,3526080736.0,73592,F1,1,,,,,,F&O + Cash,Metals & Mining,1029.2166666666667,1029.075,1029.3583333333333,1029.3583333333333,1029.075,0.283333333333303,0.02752145054233152,Narrow,Bullish,Above CPR,True,False,0.06666666666666667,60,5505816549.35,Lower,True,No setup
2026-08-14,2026-08-14,CM,NSE,STK,14732,INE271C01023,DLF,EQ,,,,,DLF LIMITED,664.0,669.85,659.6,665.0,665.0,664.0,,664.95,,,1527565,1016868062.2,31802,F1,1,,,,,,F&O + Cash,Realty,664.8166666666667,664.725,664.9083333333334,664.9083333333334,664.725,0.18333333333339397,0.027568922305773527,Narrow,Bullish,Above CPR,True,False,0.03333333333333333,60,2187081802.225,Higher,True,Long
2026-08-14,2026-08-14,CM,NSE,STK,14361,INE126J01016,APOLLOPIPE,EQ,,,,,APOLLO PIPES LIMITED,507.15,514.3,506.95,510.85,512.25,508.45,,511.18,,,73725,37605125.65,1987,F1,1,,,,,,Cash Only,Unclassified,510.7,510.625,510.775,510.775,510.625,0.14999999999997726,0.029362826661442156,Narrow,Bullish,Above CPR,True,False,0.05,60,62292557.8,Higher,True,Long
2026-08-14,2026-08-14,CM,NSE,STK,1073,INE519A01011,FOSECOIND,EQ,,,,,FOSECO INDIA LTD,5900.0,5900.0,5405.0,5655.0,5697.5,5537.5,,5655.61,,,41929,238245792.5,7059,F1,1,,,,,,Cash Only,Unclassified,5653.333333333333,5652.5,5654.166666666666,5654.166666666666,5652.5,1.6666666666660603,0.02947244326553599,Narrow,Bullish,Above CPR,True,False,0.05,60,10508476.3,Higher,True,Long
2026-08-14,2026-08-14,CM,NSE,STK,6422,INE370D01013,MANORG,EQ,,,,,MANGALAM ORGANICS LIMITED,451.05,454.25,445.15,449.9,449.9,451.9,,449.9,,,11519,5170432.75,387,F1,1,,,,,,Cash Only,Unclassified,449.76666666666665,449.7,449.8333333333333,449.8333333333333,449.7,0.13333333333332575,0.029636215455284675,Narrow,Bullish,Above CPR,True,False,0.05,60,2090142.6749999998,Lower,True,No setup
2026-08-14,2026-08-14,CM,NSE,STK,509,INE249Z01020,MAZDOCK,EQ,,,,,MAZAGON DOCK SHIPBUIL LTD,2571.0,2603.7,2554.0,2580.0,2580.0,2571.0,,2580.0,,,1101261,2846450363.6,40073,F1,1,,,,,,F&O + Cash,Capital Goods,2579.233333333333,2578.85,2579.6166666666663,2579.6166666666663,2578.85,0.7666666666664241,0.029715762273892412,Narrow,Bullish,Above CPR,True,False,0.05,60,1729948018.5,Higher,True,Long
2026-08-14,2026-08-14,CM,NSE,STK,13126,INE461B01014,REPRO,EQ,,,,,REPRO INDIA LIMITED,330.0,331.2,318.0,324.75,322.2,322.2,,324.77,,,22325,7231570.6,1193,F1,1,,,,,,Cash Only,Unclassified,324.65000000000003,324.6,324.70000000000005,324.70000000000005,324.6,0.10000000000002274,0.03079291762895234,Narrow,Bullish,Above CPR,True,False,0.03333333333333333,60,4718542.3,Higher,True,Long
2026-08-14,2026-08-14,CM,NSE,STK,11236,INE220G01021,JSL,EQ,,,,,JINDAL STAINLESS LIMITED,736.1,741.35,733.65,737.85,739.45,735.4,,737.82,,,273090,201738465.95,18928,F1,1,,,,,,Cash Only,Metals & Mining,737.6166666666667,737.5,737.7333333333333,737.7333333333333,737.5,0.2333333333333485,0.03162341035892776,Narrow,Bullish,Above CPR,True,False,0.05,60,379245403.2,Inside,True,No setup
2026-08-14,2026-08-14,CM,NSE,STK,1289,INE538A01037,GFLLIMITED,EQ,,,,,GFL LIMITED,52.0,52.0,49.53,50.79,50.3,51.3,,50.81,,,76677,3943383.79,2458,F1,1,,,,,,Cash Only,Unclassified,50.77333333333333,50.765,50.781666666666666,50.781666666666666,50.765,0.01666666666666572,0.032814858567957704,Narrow,Bullish,Above CPR,True,False,0.03333333333333333,60,1968647.99,Inside,True,No setup
2026-08-14,2026-08-14,CM,NSE,STK,9552,INE415G01027,RVNL,EQ,,,,,RAIL VIKAS NIGAM LIMITED,228.0,228.92,225.55,227.35,227.35,228.15,,227.18,,,2580170,585490722.06,25805,F1,1,,,,,,F&O + Cash,Construction,227.27333333333334,227.235,227.31166666666667,227.31166666666667,227.235,0.07666666666665378,0.03372186789824226,Narrow,Bullish,Above CPR,True,False,0.05,60,1231877444.28,Lower,True,No setup
2026-08-14,2026-08-14,CM,NSE,STK,8050,INE813A01018,MAHLIFE,EQ,,,,,MAHINDRA LIFESPACE DEVLTD,386.0,386.4,383.0,384.9,384.3,383.75,,384.9,,,43419,16707163.8,2391,F1,1,,,,,,Cash Only,Unclassified,384.76666666666665,384.7,384.8333333333333,384.8333333333333,384.7,0.13333333333332575,0.03464103230276066,Narrow,Bullish,Above CPR,True,False,0.03333333333333333,60,45189379.05,Higher,True,Long
2026-08-14,2026-08-14,CM,NSE,STK,3980,INE107A01015,TNPL,EQ,,,,,TAMILNADU NEWSPRT & PAPER,142.1,142.59,139.5,141.12,141.23,141.77,,141.12,,,201360,28294621.28,3584,F1,1,,,,,,Cash Only,Unclassified,141.07000000000002,141.04500000000002,141.09500000000003,141.09500000000003,141.04500000000002,0.05000000000001137,0.03543083900227563,Narrow,Bullish,Above CPR,True,False,0.06666666666666667,60,10695258.620000001,Lower,True,No setup
2026-08-14,2026-08-14,CM,NSE,STK,919,INE230A01023,EIHOTEL,EQ,,,,,EIH LIMITED,298.8,302.05,298.3,300.35,300.25,300.65,,300.35,,,144245,43339375.25,6555,F1,1,,,,,,Cash Only,Consumer Services,300.23333333333335,300.175,300.2916666666667,300.2916666666667,300.175,0.11666666666667425,0.03884357138893765,Narrow,Bullish,Above CPR,True,False,0.1,60,46150393.875,Inside,True,No setup
2026-08-14,2026-08-14,CM,NSE,STK,11027,INE344S01016,INFOBEAN,EQ,,,,,INFOBEANS TECHNO. LTD.,162.37,163.5,161.11,162.4,162.42,163.39,,162.27,,,77595,12578367.76,2052,F1,1,,,,,,Cash Only,Unclassified,162.33666666666667,162.305,162.36833333333334,162.36833333333334,162.305,0.06333333333333258,0.038998357963874734,Narrow,Bullish,Above CPR,True,False,0.05,60,51468747.325,Lower,True,No setup
2026-08-14,2026-08-14,CM,NSE,STK,399,INE470Y01017,NIACL,EQ,,,,,THE NEW INDIA ASSU CO LTD,181.25,181.35,176.6,179.08,178.65,180.65,,179.08,,,572844,102364072.04,9877,F1,1,,,,,,Cash Only,Financial Services,179.01,178.975,179.045,179.045,178.975,0.06999999999999318,0.03908867545230801,Narrow,Bullish,Above CPR,True,False,0.06666666666666667,60,149855640.64499998,Lower,True,No setup
2026-08-14,2026-08-14,CM,NSE,STK,7325,INE843D01027,DCMSRIND,EQ,,,,,DCM SHRIRAM IND LTD,41.3,43.13,41.3,42.24,42.49,41.71,,42.25,,,169375,7189325.38,1543,F1,1,,,,,,Cash Only,Unclassified,42.223333333333336,42.215,42.23166666666667,42.23166666666667,42.215,0.01666666666666572,0.03945707070706846,Narrow,Bullish,Above CPR,True,False,0.08333333333333333,60,5923134.9,Inside,True,No setup
2026-08-14,2026-08-14,CM,NSE,STK,24154,INE841L01016,DEEDEV,EQ,,,,,DEE DEVELOPMENT ENG LTD,634.0,641.15,622.0,631.95,632.7,629.7,,631.98,,,79097,50014798.9,4302,F1,1,,,,,,Cash Only,Unclassified,631.7,631.575,631.825,631.825,631.575,0.25,0.03956009177941292,Narrow,Bullish,Above CPR,True,False,0.016666666666666666,60,424212114.675,Lower,True,No setup
2026-08-14,2026-08-14,CM,NSE,STK,9592,INE0JA001018,VENUSPIPES,EQ,,,,,VENUS PIPES & TUBES LTD,1583.1,1592.3,1560.4,1577.3,1568.2,1579.8,,1577.3,,,39532,62233898.5,3436,F1,1,,,,,,Cash Only,Unclassified,1576.6666666666667,1576.35,1576.9833333333336,1576.9833333333336,1576.35,0.6333333333336668,0.04015300407872103,Narrow,Bullish,Above CPR,True,False,0.03333333333333333,60,141751822.25,Lower,True,No setup
2026-08-14,2026-08-14,CM,NSE,STK,1333,INE040A01034,HDFCBANK,EQ,,,,,HDFC BANK LTD,725.0,729.6,723.5,727.0,727.0,725.0,,727.0,,,20364131,14804079006.05,242796,F1,1,,,,,,F&O + Cash,Financial Services,726.6999999999999,726.55,726.8499999999999,726.8499999999999,726.55,0.2999999999999545,0.041265474552951105,Narrow,Bullish,Above CPR,True,False,0.15,60,24542151426.550003,Overlapping,True,No setup
2026-08-14,2026-08-14,CM,NSE,STK,13061,INE466L01038,360ONE,EQ,,,,,360 ONE WAM LIMITED,1179.0,1191.5,1167.0,1180.0,1180.0,1183.0,,1179.38,,,396813,467824141.0,23944,F1,1,,,,,,F&O + Cash,Financial Services,1179.5,1179.25,1179.75,1179.75,1179.25,0.5,0.0423728813559322,Narrow,Bullish,Above CPR,True,False,0.1,60,1082831575.65,Higher,True,Long
2026-08-14,2026-08-14,CM,NSE,STK,18026,INE423Y01016,SBFC,EQ,,,,,SBFC FINANCE LIMITED,94.32,94.53,93.45,94.05,93.71,94.56,,94.05,,,557926,52493907.92,11718,F1,1,,,,,,Cash Only,Financial Services,94.01,93.99000000000001,94.03,94.03,93.99000000000001,0.03999999999999204,0.04253056884634986,Narrow,Bullish,Above CPR,True,False,0.1,60,80212863.95,Inside,True,No setup
2026-08-14,2026-08-14,CM,NSE,STK,3579,INE351A01035,UNICHEMLAB,EQ,,,,,UNICHEM LABORATORIES LTD,548.2,548.2,531.5,540.2,543.0,542.4,,540.14,,,95319,51365052.75,4009,F1,1,,,,,,Cash Only,Unclassified,539.9666666666667,539.85,540.0833333333334,540.0833333333334,539.85,0.2333333333333485,0.04319387881031997,Narrow,Bullish,Above CPR,True,False,0.016666666666666666,60,45277517.675,Lower,True,No setup
2026-08-14,2026-08-14,CM,NSE,STK,338,INE164A01016,BALMLAWRIE,EQ,,,,,BALMER LAWRIE & CO LTD,173.5,174.48,172.15,173.43,173.0,173.5,,173.42,,,66889,11605392.09,1550,F1,1,,,,,,Cash Only,Unclassified,173.35333333333332,173.315,173.39166666666665,173.39166666666665,173.315,0.07666666666665378,0.04420611582001602,Narrow,Bullish,Above CPR,True,False,0.11666666666666667,60,20493734.705,Higher,True,Long
2026-08-14,2026-08-14,CM,NSE,STK,2229,INE832A01018,MODIRUBBER,EQ,,,,,MODI RUBBER LTD,120.0,120.5,118.0,119.33,118.0,119.36,,119.33,,,820,97247.96,35,F1,1,,,,,,Cash Only,Unclassified,119.27666666666666,119.25,119.30333333333331,119.30333333333331,119.25,0.05333333333331325,0.04469398586551014,Narrow,Bullish,Above CPR,True,False,0.08333333333333333,60,235816.85499999998,Higher,True,Long
2026-08-14,2026-08-14,CM,NSE,STK,15039,INE739E01017,CERA,EQ,,,,,CERA SANITARYWARE LTD,5950.0,5979.0,5757.0,5872.0,5850.0,5925.5,,5875.66,,,57050,337677834.0,2182,F1,1,,,,,,Cash Only,Unclassified,5869.333333333333,5868.0,5870.666666666666,5870.666666666666,5868.0,2.6666666666660603,0.04541326067210594,Narrow,Bullish,Above CPR,True,False,0.11666666666666667,60,47872468.5,Lower,True,No setup
2026-08-14,2026-08-14,CM,NSE,STK,13577,INE540H01012,VOLTAMP,EQ,,,,,VOLTAMP TRANSFORMERS LTD,10054.0,10267.0,10001.0,10141.0,10076.0,10039.5,,10140.74,,,36544,370714193.0,10567,F1,1,,,,,,Cash Only,Unclassified,10136.333333333334,10134.0,10138.666666666668,10138.666666666668,10134.0,4.666666666667879,0.04601781546857193,Narrow,Bullish,Above CPR,True,False,0.06666666666666667,60,358438329.0,Higher,True,Long
2026-08-14,2026-08-14,CM,NSE,STK,881,INE089A01031,DRREDDY,EQ,,,,,DR. REDDY S LABORATORIES,1205.9,1205.9,1192.4,1200.0,1200.0,1206.0,,1200.0,,,2136998,2561770353.4,50919,F1,1,,,,,,F&O + Cash,Healthcare,1199.4333333333334,1199.15,1199.7166666666667,1199.7166666666667,1199.15,0.566666666666606,0.04722222222221717,Narrow,Bullish,Above CPR,True,False,0.15,60,2142315484.4,Inside,True,No setup
2026-08-14,2026-08-14,CM,NSE,STK,29731,INE942C01045,GUJTHEM,EQ,,,,,GUJARAT THEMIS BIOSYN LTD,347.25,352.0,345.0,348.75,349.8,347.25,,348.76,,,30262,10525472.1,1369,F1,1,,,,,,Cash Only,Unclassified,348.5833333333333,348.5,348.66666666666663,348.66666666666663,348.5,0.16666666666662877,0.047789725209069184,Narrow,Bullish,Above CPR,True,False,0.06666666666666667,60,27455193.1,Overlapping,True,No setup
2026-08-14,2026-08-14,CM,NSE,STK,19943,INE288B01029,DEEPAKNTR,EQ,,,,,DEEPAK NITRITE LTD,1709.9,1749.9,1694.0,1723.2,1729.0,1701.8,,1723.2,,,234652,405071288.4,14235,F1,1,,,,,,Cash Only,Chemicals,1722.3666666666668,1721.95,1722.7833333333335,1722.7833333333335,1721.95,0.8333333333334849,0.04835964097803418,Narrow,Bullish,Above CPR,True,False,0.05,60,248224067.25,Higher,True,Long
2026-08-14,2026-08-14,CM,NSE,STK,163,INE438A01022,APOLLOTYRE,EQ,,,,,APOLLO TYRES LTD,444.75,446.65,440.9,444.1,444.0,443.05,,444.1,,,274273,121765090.4,11383,F1,1,,,,,,Cash Only,Automobile and Auto Components,443.8833333333334,443.775,443.9916666666668,443.9916666666668,443.775,0.21666666666681067,0.04878781055321114,Narrow,Bullish,Above CPR,True,False,0.1,60,310744486.92499995,Higher,True,Long
2026-08-14,2026-08-14,CM,NSE,STK,19036,INE371C01013,PODDARMENT,EQ,,,,,PODDAR PIGMENTS LIMITED,262.45,269.0,259.0,264.2,267.0,267.6,,264.2,,,7393,1929101.55,173,F1,1,,,,,,Cash Only,Unclassified,264.06666666666666,264.0,264.1333333333333,264.1333333333333,264.0,0.13333333333332575,0.050466818067118,Narrow,Bullish,Above CPR,True,False,0.06666666666666667,60,770412.375,Inside,True,No setup
2026-08-14,2026-08-14,CM,NSE,STK,759876,INE12UR01024,UTLSOLAR,EQ,,,,,FUJIYAMA POWER SYSTEMS L,415.0,432.05,415.0,423.85,424.85,409.9,,423.85,,,1117655,474771530.95,31526,F1,1,,,,,,Cash Only,Unclassified,423.6333333333334,423.525,423.7416666666668,423.7416666666668,423.525,0.21666666666681067,0.05111871338134025,Narrow,Bullish,Above CPR,True,False,0.06666666666666667,60,115631288.625,Higher,True,Long
2026-08-14,2026-08-14,CM,NSE,STK,9741,INE088F01024,PARADEEP,EQ,,,,,PARADEEP PHOSPHATES LTD,147.34,148.5,146.97,147.85,147.5,147.21,,147.85,,,1220736,180317352.87,15344,F1,1,,,,,,Cash Only,Chemicals,147.77333333333334,147.735,147.81166666666667,147.81166666666667,147.735,0.07666666666665378,0.051854356893238945,Narrow,Bullish,Above CPR,True,False,0.1,60,436832208.655,Inside,True,No setup
2026-08-14,2026-08-14,CM,NSE,STK,15067,INE0N7W01012,BLAL,EQ,,,,,BEML LAND ASSETS LIMITED,171.42,172.9,169.81,171.49,172.9,170.4,,171.42,,,12013,2049173.81,294,F1,1,,,,,,Cash Only,Unclassified,171.4,171.35500000000002,171.445,171.445,171.35500000000002,0.08999999999997499,0.05248119423871653,Narrow,Bullish,Above CPR,True,False,0.06666666666666667,60,2458252.995,Higher,True,Long
2026-08-14,2026-08-14,CM,NSE,STK,30089,INE876N01018,ORIENTCEM,EQ,,,,,ORIENT CEMENT LTD.,132.39,133.27,131.61,132.55,132.73,132.76,,132.55,,,281578,37249236.64,2099,F1,1,,,,,,Cash Only,Unclassified,132.47666666666666,132.44,132.51333333333332,132.51333333333332,132.44,0.07333333333332348,0.05532503457813917,Narrow,Bullish,Above CPR,True,False,0.08333333333333333,60,26513397.520000003,Lower,True,No setup
2026-08-14,2026-08-14,CM,NSE,STK,6545,INE388Y01029,NYKAA,EQ,,,,,FSN E COMMERCE VENTURES,329.95,332.9,328.55,331.0,331.0,331.15,,331.0,,,2229320,736648994.2,25908,F1,1,,,,,,F&O + Cash,Consumer Services,330.81666666666666,330.725,330.9083333333333,330.9083333333333,330.725,0.18333333333328028,0.05538771399796988,Narrow,Bullish,Above CPR,True,False,0.08333333333333333,60,1959464172.925,Higher,True,Long
2026-08-14,2026-08-14,CM,NSE,STK,5938,INE950M01013,MONTECARLO,EQ,,,,,MONTE CARLO FASHIONS LTD.,505.9,513.9,502.05,508.4,508.75,504.7,,508.65,,,47646,24210855.0,1899,F1,1,,,,,,Cash Only,Unclassified,508.1166666666666,507.975,508.2583333333332,508.2583333333332,507.975,0.28333333333318933,0.05573039601360923,Narrow,Bullish,Above CPR,True,False,0.08333333333333333,60,17201670.325,Higher,True,Long
2026-08-14,2026-08-14,CM,NSE,STK,11582,INE0HMF01019,TRACXN,EQ,,,,,TRACXN TECHNOLOGIES LTD,29.6,29.85,29.32,29.61,29.79,29.57,,29.61,,,67000,1982819.55,562,F1,1,,,,,,Cash Only,Unclassified,29.593333333333334,29.585,29.601666666666667,29.601666666666667,29.585,0.01666666666666572,0.056287290329840325,Narrow,Bullish,Above CPR,True,False,0.11666666666666667,60,3400022.75,Lower,True,No setup
2026-08-14,2026-08-14,CM,NSE,STK,11212,INE500L01026,SHK,EQ,,,,,S H KELKAR AND CO. LTD.,173.49,173.49,167.66,170.72,171.16,173.68,,170.71,,,402676,68474194.18,5812,F1,1,,,,,,Cash Only,Unclassified,170.62333333333333,170.575,170.67166666666668,170.67166666666668,170.575,0.09666666666669244,0.056622930334285636,Narrow,Bullish,Above CPR,True,False,0.13333333333333333,60,62099201.615,Lower,True,No setup
2026-08-14,2026-08-14,CM,NSE,STK,1512,INE053A01029,INDHOTEL,EQ,,,,,THE INDIAN HOTELS CO. LTD,717.9,723.65,715.1,720.0,720.0,721.75,,720.0,,,1365381,980792572.15,22916,F1,1,,,,,,F&O + Cash,Consumer Services,719.5833333333334,719.375,719.7916666666667,719.7916666666667,719.375,0.41666666666674246,0.0578703703703809,Narrow,Bullish,Above CPR,True,False,0.13333333333333333,60,1461759657.65,Overlapping,True,No setup
2026-08-14,2026-08-14,CM,NSE,STK,1627,INE473A01011,LINDEINDIA,EQ,,,,,LINDE INDIA LIMITED,6735.0,6735.0,6645.0,6696.0,6700.0,6688.5,,6695.96,,,16630,111301709.5,4323,F1,1,,,,,,Cash Only,Chemicals,6692.0,6690.0,6694.0,6694.0,6690.0,4.0,0.05973715651135006,Narrow,Bullish,Above CPR,True,False,0.08333333333333333,60,142706524.5,Lower,True,No setup
2026-08-14,2026-08-14,CM,NSE,STK,7083,INE575P01011,STARHEALTH,EQ,,,,,STAR HEALTH & AL INS CO L,584.6,590.75,578.5,585.15,585.0,584.6,,585.14,,,327484,192282784.1,14136,F1,1,,,,,,Cash Only,Financial Services,584.8000000000001,584.625,584.9750000000001,584.9750000000001,584.625,0.3500000000001364,0.059813722977037756,Narrow,Bullish,Above CPR,True,False,0.03333333333333333,60,269200517.67499995,Higher,True,Long
2026-08-14,2026-08-14,CM,NSE,STK,29135,INE121J01017,INDUSTOWER,EQ,,,,,INDUS TOWERS LIMITED,383.15,388.55,379.45,384.35,384.35,383.2,,384.35,,,5956784,2296161457.3,43156,F1,1,,,,,,F&O + Cash,Telecommunication,384.1166666666666,384.0,384.23333333333323,384.23333333333323,384.0,0.2333333333332348,0.06070855556998434,Narrow,Bullish,Above CPR,True,False,0.16666666666666666,60,2196873098.2,Higher,True,Long
2026-08-14,2026-08-14,CM,NSE,STK,14174,INE848A01014,IZMO,EQ,,,,,IZMO LIMITED,946.6,949.0,928.1,939.45,937.85,949.75,,939.28,,,55853,52374988.4,4757,F1,1,,,,,,Cash Only,Unclassified,938.85,938.55,939.1500000000001,939.1500000000001,938.55,0.6000000000001364,0.0638671563148796,Narrow,Bullish,Above CPR,True,False,0.06666666666666667,60,99865021.65,Lower,True,No setup
2026-08-14,2026-08-14,CM,NSE,STK,305,INE118A01012,BAJAJHLDNG,EQ,,,,,BAJAJ HOLDINGS & INVS LTD,11540.0,11541.0,11387.0,11475.0,11475.0,11500.0,,11473.02,,,31456,360039831.0,10499,F1,1,,,,,,F&O + Cash,Financial Services,11467.666666666666,11464.0,11471.333333333332,11471.333333333332,11464.0,7.333333333332121,0.06390704429919059,Narrow,Bullish,Above CPR,True,False,0.13333333333333333,60,503529401.5,Lower,True,No setup
2026-08-14,2026-08-14,CM,NSE,STK,2056,INE481N01025,HOMEFIRST,EQ,,,,,HOME FIRST FIN CO IND LTD,1176.4,1187.9,1162.8,1176.5,1180.0,1175.3,,1176.46,,,71934,84716979.9,6602,F1,1,,,,,,Cash Only,Financial Services,1175.7333333333333,1175.35,1176.1166666666668,1176.1166666666668,1175.35,0.7666666666668789,0.06516503754074619,Narrow,Bullish,Above CPR,True,False,0.06666666666666667,60,192039189.10000002,Lower,True,No setup
2026-08-14,2026-08-14,CM,NSE,STK,20372,INE00Y201027,FLAIR,EQ,,,,,FLAIR WRITING INDUST LTD,256.3,256.3,251.0,253.9,254.95,254.75,,253.89,,,51300,12982906.8,1317,F1,1,,,,,,Cash Only,Unclassified,253.73333333333335,253.65,253.8166666666667,253.8166666666667,253.65,0.16666666666668561,0.0656426414598998,Narrow,Bullish,Above CPR,True,False,0.08333333333333333,60,36892988.224999994,Lower,True,No setup
2026-08-14,2026-08-14,CM,NSE,STK,18039,INE837H01020,ADVENZYMES,EQ,,,,,ADVANCED ENZYME TECH LTD,301.7,308.75,299.25,304.3,303.0,300.85,,304.29,,,343928,104632006.45,6216,F1,1,,,,,,Cash Only,Unclassified,304.09999999999997,304.0,304.19999999999993,304.19999999999993,304.0,0.1999999999999318,0.06572461386787111,Narrow,Bullish,Above CPR,True,False,0.13333333333333333,60,58473702.075,Higher,True,Long
2026-08-14,2026-08-14,CM,NSE,STK,17641,INE805D01034,SUNTECK,EQ,,,,,SUNTECK REALTY LIMITED,297.7,302.4,295.1,299.05,298.5,299.35,,299.07,,,103071,30661568.15,2927,F1,1,,,,,,Cash Only,Unclassified,298.84999999999997,298.75,298.94999999999993,298.94999999999993,298.75,0.1999999999999318,0.06687844841997384,Narrow,Bullish,Above CPR,True,False,0.08333333333333333,60,72547509.85,Higher,True,Long
2026-08-14,2026-08-14,CM,NSE,STK,14309,INE562A01011,INDIANB,EQ,,,,,INDIAN BANK,890.0,902.8,885.3,894.95,894.95,897.0,,895.18,,,732478,653718026.2,19554,F1,1,,,,,,F&O + Cash,Financial Services,894.35,894.05,894.6500000000001,894.6500000000001,894.05,0.6000000000001364,0.06704285155596808,Narrow,Bullish,Above CPR,True,False,0.13333333333333333,60,1715134446.2,Inside,True,No setup
2026-08-14,2026-08-14,CM,NSE,STK,7254,INE804L01022,MEDPLUS,EQ,,,,,MEDPLUS HEALTH SERV LTD,667.45,671.55,665.0,668.95,668.0,667.9,,668.95,,,58139,38853885.25,3476,F1,1,,,,,,Cash Only,Unclassified,668.5,668.275,668.725,668.725,668.275,0.4500000000000455,0.06726960161447723,Narrow,Bullish,Above CPR,True,False,0.15,60,123263624.525,Overlapping,True,No setup
2026-08-14,2026-08-14,CM,NSE,STK,13587,INE731H01025,ACE,EQ,,,,,ACTION CONST EQUIP LTD,1079.1,1092.5,1076.5,1085.6,1090.5,1078.3,,1085.61,,,153417,166281863.0,7661,F1,1,,,,,,Cash Only,Capital Goods,1084.8666666666666,1084.5,1085.2333333333331,1085.2333333333331,1084.5,0.7333333333331211,0.06755097027755354,Narrow,Bullish,Above CPR,True,False,0.1,60,312952553.475,Higher,True,Long
2026-08-14,2026-08-14,CM,NSE,STK,29113,INE752H01013,CARERATING,EQ,,,,,CARE RATINGS LIMITED,1732.0,1732.0,1699.3,1717.4,1705.0,1728.3,,1717.42,,,18199,31207293.2,3558,F1,1,,,,,,Cash Only,Unclassified,1716.2333333333336,1715.65,1716.816666666667,1716.816666666667,1715.65,1.1666666666669698,0.06793214549126411,Narrow,Bullish,Above CPR,True,False,0.2,60,55633862.150000006,Inside,True,No setup
2026-08-14,2026-08-14,CM,NSE,STK,13753,INE784W01015,MANOMAY,EQ,,,,,MANOMAY TEX INDIA LTD,219.45,219.45,210.35,215.12,218.0,218.46,,215.14,,,88951,19264666.08,2320,F1,1,,,,,,Cash Only,Unclassified,214.97333333333333,214.89999999999998,215.04666666666668,215.04666666666668,214.89999999999998,0.1466666666667038,0.06817900086775,Narrow,Bullish,Above CPR,True,False,0.05,60,5617139.145,Lower,True,No setup
2026-08-14,2026-08-14,CM,NSE,STK,383,INE263A01024,BEL,EQ,,,,,BHARAT ELECTRONICS LTD,410.45,412.5,408.25,410.8,410.8,410.5,,410.79,,,7388147,3031550884.6,64385,F1,1,,,,,,F&O + Cash,Capital Goods,410.51666666666665,410.375,410.6583333333333,410.6583333333333,410.375,0.283333333333303,0.06897111327490336,Narrow,Bullish,Above CPR,True,False,0.23333333333333334,60,4396406616.975,Higher,True,Long
2026-08-14,2026-08-14,CM,NSE,STK,11483,INE018A01030,LT,EQ,,,,,LARSEN & TOUBRO LTD.,4068.7,4072.5,4033.1,4057.0,4057.0,4070.7,,4057.14,,,934044,3785871184.2,56246,F1,1,,,,,,F&O + Cash,Construction,4054.2000000000003,4052.8,4055.6000000000004,4055.6000000000004,4052.8,2.800000000000182,0.06901651466601386,Narrow,Bullish,Above CPR,True,False,0.16666666666666666,60,6686043544.15,Inside,True,No setup
2026-08-14,2026-08-14,CM,NSE,STK,24966,INE713C01016,SURAJLTD,EQ,,,,,SURAJ LIMITED,225.0,227.4,219.0,223.44,223.98,224.88,,223.44,,,130,29084.16,15,F1,1,,,,,,Cash Only,Unclassified,223.27999999999997,223.2,223.35999999999996,223.35999999999996,223.2,0.15999999999996817,0.07160759040456864,Narrow,Bullish,Above CPR,True,False,0.2,60,98003.275,Lower,True,No setup
2026-08-14,2026-08-14,CM,NSE,STK,7508,INE251B01027,ZENTEC,EQ,,,,,ZEN TECHNOLOGIES LIMITED,1832.4,1878.5,1831.8,1857.2,1855.0,1831.8,,1857.29,,,410906,763313844.3,27723,F1,1,,,,,,Cash Only,Capital Goods,1855.8333333333333,1855.15,1856.5166666666664,1856.5166666666664,1855.15,1.3666666666663332,0.07358747935959149,Narrow,Bullish,Above CPR,True,False,0.15,60,972252266.15,Higher,True,Long
2026-08-14,2026-08-14,CM,NSE,STK,10350,INE718F01018,CSLFINANCE,EQ,,,,,CSL FINANCE LIMITED,220.98,222.95,214.56,219.0,216.6,217.67,,219.04,,,16143,3536510.13,463,F1,1,,,,,,Cash Only,Unclassified,218.83666666666667,218.755,218.91833333333335,218.91833333333335,218.755,0.1633333333333553,0.07458143074582435,Narrow,Bullish,Above CPR,True,False,0.13333333333333333,60,4096052.86,Inside,True,No setup
2026-08-14,2026-08-14,CM,NSE,STK,7672,INE172N01012,IMAGICAA,EQ,,,,,IMAGICAAWORLD ENT LTD,47.02,48.4,46.81,47.66,47.5,47.22,,47.66,,,570012,27212277.53,2850,F1,1,,,,,,Cash Only,Unclassified,47.623333333333335,47.605000000000004,47.641666666666666,47.641666666666666,47.605000000000004,0.03666666666666174,0.07693383690025543,Narrow,Bullish,Above CPR,True,False,0.1,60,27187552.075000003,Higher,True,Long
2026-08-14,2026-08-14,CM,NSE,STK,23740,INE673O01025,TBOTEK,EQ,,,,,TBO TEK LIMITED,1606.4,1662.8,1600.0,1633.3,1630.0,1604.9,,1633.16,,,224139,368636075.9,23778,F1,1,,,,,,Cash Only,Consumer Services,1632.0333333333335,1631.4,1632.666666666667,1632.666666666667,1631.4,1.2666666666668789,0.07755260311436227,Narrow,Bullish,Above CPR,True,False,0.06666666666666667,60,164388164.8,Higher,True,Long
2026-08-14,2026-08-14,CM,NSE,STK,759265,INE976I01016,TATACAP,EQ,,,,,TATA CAPITAL LIMITED,363.05,366.25,361.3,364.2,365.5,363.75,,364.2,,,902119,328014718.65,23603,F1,1,,,,,,Cash Only,Financial Services,363.9166666666667,363.775,364.0583333333334,364.0583333333334,363.775,0.2833333333334167,0.077796082738445,Narrow,Bullish,Above CPR,True,False,0.15,60,615177116.925,Lower,True,No setup
2026-08-14,2026-08-14,CM,NSE,STK,10530,INE597I01028,SHARDAMOTR,EQ,,,,,SHARDA MOTOR INDS LTD,878.05,916.35,878.05,898.25,898.0,881.95,,898.25,,,118577,107345302.35,11065,F1,1,,,,,,Cash Only,Unclassified,897.5500000000001,897.2,897.9000000000001,897.9000000000001,897.2,0.7000000000000455,0.0779293069858108,Narrow,Bullish,Above CPR,True,False,0.15,60,36538257.225,Higher,True,Long
2026-08-14,2026-08-14,CM,NSE,STK,16589,INE972X01022,VAISHALI,EQ,,,,,VAISHALI PHARMA LIMITED,8.31,8.69,8.31,8.51,8.44,8.47,,8.51,,,116620,989937.33,296,F1,1,,,,,,Cash Only,Unclassified,8.503333333333332,8.5,8.506666666666664,8.506666666666664,8.5,0.006666666666664156,0.07833920877396187,Narrow,Bullish,Above CPR,True,False,0.016666666666666666,60,1241164.635,Higher,True,Long
2026-08-14,2026-08-14,CM,NSE,STK,11723,INE019A01038,JSWSTEEL,EQ,,,,,JSW STEEL LIMITED,1267.3,1276.7,1260.3,1270.0,1270.0,1275.0,,1269.98,,,975420,1237667479.4,34890,F1,1,,,,,,F&O + Cash,Metals & Mining,1269.0,1268.5,1269.5,1269.5,1268.5,1.0,0.07874015748031496,Narrow,Bullish,Above CPR,True,False,0.13333333333333333,60,1819083939.0500002,Lower,True,No setup
2026-08-14,2026-08-14,CM,NSE,STK,10557,INE278M01019,NAVKARCORP,EQ,,,,,NAVKAR CORPORATION LTD.,99.2,100.34,98.4,99.49,99.0,99.11,,99.49,,,219651,21801554.82,1660,F1,1,,,,,,Cash Only,Unclassified,99.41000000000001,99.37,99.45000000000002,99.45000000000002,99.37,0.0800000000000125,0.08041009146649161,Narrow,Bullish,Above CPR,True,False,0.06666666666666667,60,45372433.205,Inside,True,No setup
2026-08-14,2026-08-14,CM,NSE,STK,6711,INE050B01023,IVC,EQ,,,,,IL&FS INVESTMENT MANAGERS,8.35,8.53,7.99,8.27,8.3,8.53,,8.27,,,312089,2564422.21,923,F1,1,,,,,,Cash Only,Unclassified,8.263333333333334,8.26,8.266666666666667,8.266666666666667,8.26,0.006666666666667709,0.08061265618703396,Narrow,Bullish,Above CPR,True,False,0.10833333333333334,60,1353724.25,Lower,True,No setup
2026-08-14,2026-08-14,CM,NSE,STK,14154,INE405E01023,UNOMINDA,EQ,,,,,UNO MINDA LIMITED,1240.3,1246.9,1230.1,1240.0,1240.0,1240.0,,1240.0,,,185823,230013305.3,13173,F1,1,,,,,,F&O + Cash,Automobile and Auto Components,1239.0,1238.5,1239.5,1239.5,1238.5,1.0,0.08064516129032258,Narrow,Bullish,Above CPR,True,False,0.15,60,913954984.25,Lower,True,No setup
2026-08-14,2026-08-14,CM,NSE,STK,10406,INE395H01011,STEELCITY,EQ,,,,,STEEL CITY SECURITIES LTD,83.88,84.85,82.0,83.53,83.5,82.58,,83.53,,,16557,1386681.27,192,F1,1,,,,,,Cash Only,Unclassified,83.46,83.425,83.49499999999999,83.49499999999999,83.425,0.06999999999999318,0.08380222674487392,Narrow,Bullish,Above CPR,True,False,0.08333333333333333,60,366034.07,Higher,True,Long
2026-08-14,2026-08-14,CM,NSE,STK,2316,INE578A01017,HEIDELBERG,EQ,,,,,HEIDELBERGCEMENT (I) LTD,158.88,158.88,157.2,158.24,158.4,158.08,,158.24,,,62829,9914312.68,959,F1,1,,,,,,Cash Only,Unclassified,158.10666666666665,158.04,158.17333333333332,158.17333333333332,158.04,0.13333333333332575,0.08426019548364873,Narrow,Bullish,Above CPR,True,False,0.18333333333333332,60,10664884.605,Higher,True,Long
2026-08-14,2026-08-14,CM,NSE,STK,18520,INE509F01029,CUPID,EQ,,,,,CUPID LIMITED,295.0,299.0,288.01,293.88,293.0,294.86,,293.87,,,25656653,7552558732.53,212591,F1,1,,,,,,Cash Only,Unclassified,293.63,293.505,293.755,293.755,293.505,0.25,0.08506873553831495,Narrow,Bullish,Above CPR,True,False,0.05,60,5496022752.815001,Higher,True,Long
2026-08-14,2026-08-14,CM,NSE,STK,20874,INE0PEQ01016,RBZJEWEL,EQ,,,,,RBZ JEWELLERS LIMITED,139.39,142.09,139.23,140.84,140.01,140.04,,140.87,,,31601,4462551.62,843,F1,1,,,,,,Cash Only,Unclassified,140.72,140.66,140.78,140.78,140.66,0.12000000000000455,0.0852030673104264,Narrow,Bullish,Above CPR,True,False,0.1,60,9575371.465,Inside,True,No setup
2026-08-14,2026-08-14,CM,NSE,STK,762432,INE25E901019,OMPOWER,EQ,,,,,OM POWER TRANSMISSION LTD,170.73,172.0,167.46,169.95,172.0,170.73,,169.84,,,101287,17195235.63,1656,F1,1,,,,,,Cash Only,Unclassified,169.80333333333334,169.73000000000002,169.87666666666667,169.87666666666667,169.73000000000002,0.14666666666664696,0.08629989212512325,Narrow,Bullish,Above CPR,True,False,0.06666666666666667,60,24777760.305,Higher,True,Long
2026-08-14,2026-08-14,CM,NSE,STK,3799,INE976A01021,WSTCSTPAPR,EQ,,,,,WEST COAST PAPER MILLS LT,609.7,616.45,604.65,611.35,611.0,606.1,,611.3,,,192328,117144757.3,6823,F1,1,,,,,,Cash Only,Unclassified,610.8166666666666,610.55,611.0833333333333,611.0833333333333,610.55,0.533333333333303,0.08723862490117003,Narrow,Bullish,Above CPR,True,False,0.11666666666666667,60,69153854.025,Inside,True,No setup
2026-08-14,2026-08-14,CM,NSE,STK,3718,INE226A01021,VOLTAS,EQ,,,,,VOLTAS LTD,1292.0,1347.5,1290.0,1320.5,1320.5,1289.5,,1320.71,,,2374305,3138541726.9,63275,F1,1,,,,,,F&O + Cash,Consumer Durables,1319.3333333333333,1318.75,1319.9166666666665,1319.9166666666665,1318.75,1.166666666666515,0.0883503723337005,Narrow,Bullish,Above CPR,True,False,0.11666666666666667,60,982536168.9,Higher,True,Long
2026-08-14,2026-08-14,CM,NSE,STK,762528,INE850B01026,ABMKNO,EQ,,,,,A B M KNOWLEDGEWARE LTD.,200.0,203.0,196.01,199.77,200.0,199.96,,199.77,,,6433,1282929.84,32,F1,1,,,,,,Cash Only,Unclassified,199.59333333333333,199.505,199.68166666666667,199.68166666666667,199.505,0.17666666666667652,0.08843503362200357,Narrow,Bullish,Above CPR,True,False,0.1,60,431977.98,Higher,True,Long
2026-08-14,2026-08-14,CM,NSE,STK,762608,INE00HZ01011,BNAGROCHEM,EQ,,,,,BN AGROCHEM LTD.,245.3,245.3,243.95,244.95,244.95,246.0,,244.95,,,513,125336.45,19,F1,1,,,,,,Cash Only,Unclassified,244.73333333333335,244.625,244.8416666666667,244.8416666666667,244.625,0.21666666666669698,0.08845342586923739,Narrow,Bullish,Above CPR,True,False,0.16666666666666666,24,441480.605,Lower,True,No setup
2026-08-14,2026-08-14,CM,NSE,STK,19020,INE880J01026,JSWINFRA,EQ,,,,,JSW INFRASTRUCTURE LTD,341.3,341.35,336.05,339.15,339.5,341.35,,339.15,,,2085129,705349295.45,31304,F1,1,,,,,,Cash Only,Services,338.85,338.70000000000005,339.0,339.0,338.70000000000005,0.2999999999999545,0.0884564352056478,Narrow,Bullish,Above CPR,True,False,0.1,60,1014550676.675,Lower,True,No setup
2026-08-14,2026-08-14,CM,NSE,STK,11919,INE752G01015,MSPL,EQ,,,,,MSP STEEL & POWER LTD.,33.51,33.87,33.0,33.48,33.5,34.03,,33.48,,,685622,22979579.9,3618,F1,1,,,,,,Cash Only,Unclassified,33.449999999999996,33.435,33.46499999999999,33.46499999999999,33.435,0.029999999999986926,0.08960573476698605,Narrow,Bullish,Above CPR,True,False,0.1,60,44632592.114999995,Lower,True,No setup
2026-08-14,2026-08-14,CM,NSE,STK,21713,INE670X01014,LASA,EQ,,,,,LASA SUPERGENERICS LTD,7.49,7.55,7.25,7.41,7.39,7.52,,7.41,,,10223,76288.47,105,F1,1,,,,,,Cash Only,Unclassified,7.403333333333333,7.4,7.406666666666666,7.406666666666666,7.4,0.0066666666666659324,0.0899685110211327,Narrow,Bullish,Above CPR,True,False,0.06666666666666667,60,174942.08000000002,Lower,True,No setup
2026-08-14,2026-08-14,CM,NSE,STK,13560,INE536A01023,GRINDWELL,EQ,,,,,GRINDWELL NORTON LIMITED,2146.3,2194.0,2135.1,2167.5,2162.0,2146.3,,2167.34,,,53403,115963942.8,12810,F1,1,,,,,,Cash Only,Unclassified,2165.5333333333333,2164.55,2166.5166666666664,2166.5166666666664,2164.55,1.9666666666662422,0.09073433294884624,Narrow,Bullish,Above CPR,True,False,0.1,60,106124516.30000001,Higher,True,Long
2026-08-14,2026-08-14,CM,NSE,STK,1406,INE094A01015,HINDPETRO,EQ,,,,,HINDUSTAN PETROLEUM CORP,374.0,374.95,371.0,373.5,373.5,392.9,,373.47,,,8013809,2988157958.9,96101,F1,1,,,,,,F&O + Cash,Oil Gas & Consumable Fuels,373.15000000000003,372.975,373.32500000000005,373.32500000000005,372.975,0.35000000000002274,0.09370816599732872,Narrow,Bullish,Above CPR,True,False,0.13333333333333333,60,2303160732.7749996,Lower,True,No setup
2026-08-14,2026-08-14,CM,NSE,STK,24851,INE442P01014,SUYOG,EQ,,,,,SUYOG TELEMATICS LIMITED,825.0,849.0,812.15,831.75,848.0,829.95,,831.68,,,10712,8879448.45,788,F1,1,,,,,,Cash Only,Unclassified,830.9666666666667,830.575,831.3583333333333,831.3583333333333,830.575,0.783333333333303,0.09417893998596971,Narrow,Bullish,Above CPR,True,False,0.23333333333333334,60,20465041.925,Lower,True,No setup
2026-08-14,2026-08-14,CM,NSE,STK,758675,INE886D01026,EFCIL,EQ,,,,,EFC (I) LIMITED,177.25,182.08,177.25,179.92,179.99,178.55,,179.92,,,293333,52747198.74,4663,F1,1,,,,,,Cash Only,Unclassified,179.75,179.66500000000002,179.83499999999998,179.83499999999998,179.66500000000002,0.16999999999995907,0.09448643841705152,Narrow,Bullish,Above CPR,True,False,0.11666666666666667,60,58107742.239999995,Higher,True,Long
2026-08-14,2026-08-14,CM,NSE,STK,1448,INE102A01024,HLVLTD,EQ,,,,,HLV LIMITED,6.99,7.04,6.9,6.98,7.0,6.94,,6.98,,,156950,1095424.85,502,F1,1,,,,,,Cash Only,Unclassified,6.973333333333334,6.970000000000001,6.976666666666667,6.976666666666667,6.970000000000001,0.0066666666666659324,0.09551098376312224,Narrow,Bullish,Above CPR,True,False,0.06666666666666667,60,1177131.24,Lower,True,No setup
2026-08-14,2026-08-14,CM,NSE,STK,20877,INE488V01015,PSPPROJECT,EQ,,,,,PSP PROJECTS LIMITED,918.0,936.05,906.1,922.4,923.0,918.85,,922.4,,,50643,46736029.25,3098,F1,1,,,,,,Cash Only,Unclassified,921.5166666666668,921.075,921.9583333333335,921.9583333333335,921.075,0.8833333333334394,0.0957646718704943,Narrow,Bullish,Above CPR,True,False,0.11666666666666667,60,101672013.82499999,Inside,True,No setup
2026-08-14,2026-08-14,CM,NSE,STK,12913,INE324X01026,SARVESHWAR,EQ,,,,,SARVESHWAR FOODS LIMITED,3.46,3.49,3.42,3.46,3.47,3.45,,3.46,,,913699,3152892.6,1194,F1,1,,,,,,Cash Only,Unclassified,3.456666666666667,3.455,3.458333333333334,3.458333333333334,3.455,0.0033333333333338544,0.0963391136801692,Narrow,Bullish,Above CPR,True,False,0.15,60,11650456.665,Lower,True,No setup
2026-08-14,2026-08-14,CM,NSE,STK,3273,INE647A01010,SRF,EQ,,,,,SRF LTD,2609.0,2616.7,2587.6,2606.0,2606.0,2608.7,,2606.3,,,168380,437677289.0,17759,F1,1,,,,,,F&O + Cash,Chemicals,2603.433333333333,2602.1499999999996,2604.7166666666662,2604.7166666666662,2602.1499999999996,2.566666666666606,0.09849066257354588,Narrow,Bullish,Above CPR,True,False,0.25,60,1090142164.5,Higher,True,Long
2026-08-14,2026-08-14,CM,NSE,STK,17186,INE526E01018,SHRIPISTON,EQ,,,,,SPR AUTO TECHNOLOGIES LTD,4455.0,4515.8,4455.0,4492.4,4473.5,4487.7,,4492.37,,,30922,138654952.1,9187,F1,1,,,,,,Cash Only,Unclassified,4487.733333333333,4485.4,4490.066666666666,4490.066666666666,4485.4,4.66666666666606,0.10387914403583966,Narrow,Bullish,Above CPR,True,False,0.18333333333333332,60,186601009.0,Higher,True,Long
2026-08-14,2026-08-14,CM,NSE,STK,5606,INE575C01027,INTLCONV,EQ,,,,,INTL CONVEYORS LIMITED,73.25,79.0,72.2,75.72,79.0,73.06,,75.77,,,214201,16038631.17,2669,F1,1,,,,,,Cash Only,Unclassified,75.64,75.6,75.68,75.68,75.6,0.0800000000000125,0.10565240359219825,Narrow,Bullish,Above CPR,True,False,0.13333333333333333,60,3193758.175,Higher,True,Long
2026-08-14,2026-08-14,CM,NSE,STK,18755,INE438K01021,KALAMANDIR,EQ,,,,,SAI SILKS (KALAMANDIR) L,86.09,87.8,86.0,87.04,87.17,85.83,,87.04,,,350643,30495343.23,2737,F1,1,,,,,,Cash Only,Unclassified,86.94666666666667,86.9,86.99333333333334,86.99333333333334,86.9,0.09333333333333371,0.10723039215686317,Narrow,Bullish,Above CPR,True,False,0.15,60,64653855.315,Higher,True,Long
2026-08-14,2026-08-14,CM,NSE,STK,16827,INE760A01029,KOKUYOCMLN,EQ,,,,,KOKUYO CAMLIN LIMITED,81.76,82.5,80.31,81.54,81.9,81.05,,81.54,,,56037,4551545.17,895,F1,1,,,,,,Cash Only,Unclassified,81.45,81.405,81.495,81.495,81.405,0.09000000000000341,0.11037527593819403,Narrow,Bullish,Above CPR,True,False,0.15,60,2347529.045,Overlapping,True,No setup
2026-08-14,2026-08-14,CM,NSE,STK,759256,INE965W01036,BMWVENTLTD,EQ,,,,,BMW VENTURES LIMITED,57.98,58.08,56.31,57.29,57.54,57.68,,57.27,,,55064,3167466.83,1057,F1,1,,,,,,Cash Only,Unclassified,57.22666666666667,57.195,57.25833333333333,57.25833333333333,57.195,0.06333333333333258,0.11054867050677705,Narrow,Bullish,Above CPR,True,False,0.13333333333333333,60,3835246.58,Lower,True,No setup
2026-08-14,2026-08-14,CM,NSE,STK,17999,INE458F01011,UNITEDTEA,EQ,,,,,UNITED NILGIRI TEA LTD,462.05,462.05,453.0,458.3,456.15,459.65,,458.3,,,1196,546503.6,93,F1,1,,,,,,Cash Only,Unclassified,457.7833333333333,457.525,458.04166666666663,458.04166666666663,457.525,0.5166666666666515,0.11273547167066364,Narrow,Bullish,Above CPR,True,False,0.2,60,653850.7,Lower,True,No setup
2026-08-14,2026-08-14,CM,NSE,STK,1110,INE688Y01022,DANGEE,EQ,,,,,DANGEE DUMS LIMITED,2.93,2.99,2.9,2.95,2.96,2.89,,2.95,,,21904,64726.29,103,F1,1,,,,,,Cash Only,Unclassified,2.9466666666666668,2.9450000000000003,2.9483333333333333,2.9483333333333333,2.9450000000000003,0.0033333333333329662,0.11299435028247343,Narrow,Bullish,Above CPR,True,False,0.08333333333333333,60,163808.685,Inside,True,No setup
2026-08-14,2026-08-14,CM,NSE,STK,5926,INE306R01017,INTELLECT,EQ,,,,,INTELLECT DESIGN ARENA,701.05,703.7,695.1,700.6,698.0,701.05,,700.53,,,165377,115719576.6,8656,F1,1,,,,,,Cash Only,Information Technology,699.8000000000001,699.4000000000001,700.2,700.2,699.4000000000001,0.7999999999999545,0.11418783899514051,Narrow,Bullish,Above CPR,True,False,0.16666666666666666,60,260574701.3,Lower,True,No setup
2026-08-14,2026-08-14,CM,NSE,STK,15179,INE738I01010,ECLERX,EQ,,,,,ECLERX SERVICES LTD,1879.0,1925.4,1862.1,1897.0,1898.1,1869.4,,1896.91,,,179772,341616055.1,16942,F1,1,,,,,,Cash Only,Services,1894.8333333333333,1893.75,1895.9166666666665,1895.9166666666665,1893.75,2.166666666666515,0.1142154278685564,Narrow,Bullish,Above CPR,True,False,0.11666666666666667,60,351237274.8,Higher,True,Long
2026-08-14,2026-08-14,CM,NSE,STK,3384,INE277A01016,SWARAJENG,EQ,,,,,SWARAJ ENGINES LTD,3606.1,3657.8,3606.1,3638.2,3635.0,3618.2,,3638.36,,,4830,17541343.2,997,F1,1,,,,,,Cash Only,Unclassified,3634.033333333333,3631.95,3636.116666666666,3636.116666666666,3631.95,4.16666666666606,0.11452549795684845,Narrow,Bullish,Above CPR,True,False,0.2833333333333333,60,38593535.8,Higher,False,No setup
2026-08-14,2026-08-14,CM,NSE,STK,9879,INE974B01016,CHEVIOT,EQ,,,,,CHEVIOT COMPANY LIMITED,1165.2,1166.0,1148.0,1159.0,1161.0,1158.8,,1158.48,,,764,884509.9,158,F1,1,,,,,,Cash Only,Unclassified,1157.6666666666667,1157.0,1158.3333333333335,1158.3333333333335,1157.0,1.333333333333485,0.11504170261721182,Narrow,Bullish,Above CPR,True,False,0.3,60,2117725.75,Lower,False,No setup
2026-08-14,2026-08-14,CM,NSE,STK,5449,INE488A01050,CHEMPLASTS,EQ,,,,,CHEMPLAST SANMAR LIMITED,182.26,188.0,179.56,184.1,184.0,180.39,,184.17,,,288034,53067494.39,5750,F1,1,,,,,,Cash Only,Unclassified,183.88666666666666,183.78,183.9933333333333,183.9933333333333,183.78,0.21333333333330984,0.1158790512402552,Narrow,Bullish,Above CPR,True,False,0.15,60,61331229.68,Higher,True,Long
2026-08-14,2026-08-14,CM,NSE,STK,757545,INE103V01028,TRAVELFOOD,EQ,,,,,TRAVEL FOOD SERVICES LTD,1362.2,1385.0,1340.0,1364.9,1364.8,1394.3,,1364.95,,,70680,96188243.5,10213,F1,1,,,,,,Cash Only,Consumer Services,1363.3,1362.5,1364.1,1364.1,1362.5,1.599999999999909,0.11722470510659455,Narrow,Bullish,Above CPR,True,False,0.16666666666666666,60,45391267.5,Lower,True,No setup
2026-08-14,2026-08-14,CM,NSE,STK,762239,INE713R01022,GSPCROP,EQ,,,,,GSP CROP SCIENCE LIMITED,596.25,600.0,590.4,596.25,594.0,591.7,,596.22,,,248745,148352553.0,3307,F1,1,,,,,,Cash Only,Unclassified,595.5500000000001,595.2,595.9000000000001,595.9000000000001,595.2,0.7000000000000455,0.11740041928721937,Narrow,Bullish,Above CPR,True,False,0.15,60,138651929.45,Higher,True,Long
2026-08-14,2026-08-14,CM,NSE,STK,19955,INE866K01023,WAAREEINDO,EQ,,,,,INDOSOLAR LIMITED,297.95,300.95,292.5,297.25,298.0,298.5,,297.24,,,82694,24465178.95,2587,F1,1,,,,,,Cash Only,Unclassified,296.90000000000003,296.725,297.07500000000005,297.07500000000005,296.725,0.35000000000002274,0.117746005046265,Narrow,Bullish,Above CPR,True,False,0.13333333333333333,60,20006289.975,Lower,True,No setup
2026-08-14,2026-08-14,CM,NSE,STK,29583,INE936B01015,NATCAPSUQ,EQ,,,,,NATURAL CAPSULES LIMITED,150.85,151.49,147.42,149.72,150.15,146.93,,149.77,,,7278,1086188.06,313,F1,1,,,,,,Cash Only,Unclassified,149.54333333333332,149.45499999999998,149.63166666666666,149.63166666666666,149.45499999999998,0.17666666666667652,0.11799804078725389,Narrow,Bullish,Above CPR,True,False,0.11666666666666667,60,861612.2,Inside,True,No setup
2026-08-14,2026-08-14,CM,NSE,STK,1232,INE047A01021,GRASIM,EQ,,,,,GRASIM INDUSTRIES LTD,3264.8,3264.8,3221.0,3248.7,3248.7,3257.0,,3248.7,,,476082,1542983734.8,30207,F1,1,,,,,,F&O + Cash,Construction Materials,3244.8333333333335,3242.9,3246.766666666667,3246.766666666667,3242.9,3.866666666666788,0.11902196776146731,Narrow,Bullish,Above CPR,True,False,0.1,60,1946220250.4,Lower,True,No setup
2026-08-14,2026-08-14,CM,NSE,STK,4204,INE775A01035,MOTHERSON,EQ,,,,,SAMVRDHNA MTHRSN INTL LTD,167.42,169.28,166.71,168.3,168.3,167.4,,168.3,,,10509453,1767537187.49,74783,F1,1,,,,,,F&O + Cash,Automobile and Auto Components,168.09666666666666,167.995,168.19833333333332,168.19833333333332,167.995,0.20333333333331893,0.12081600316893577,Narrow,Bullish,Above CPR,True,False,0.18333333333333332,60,2548020939.82,Overlapping,True,No setup
2026-08-14,2026-08-14,CM,NSE,STK,24735,INE912T01018,RPEL,EQ,,,,,RAGHAV PRODUCTIVITY ENH L,1399.0,1473.0,1389.6,1433.9,1432.0,1388.8,,1434.28,,,243416,350704087.6,18609,F1,1,,,,,,Cash Only,Unclassified,1432.1666666666667,1431.3,1433.0333333333335,1433.0333333333335,1431.3,1.7333333333335759,0.12088244182534179,Narrow,Bullish,Above CPR,True,False,0.1,60,80923548.7,Higher,True,Long
2026-08-14,2026-08-14,CM,NSE,STK,17722,INE947J01015,DEN,EQ,,,,,DEN NETWORKS LTD,27.7,27.75,27.17,27.51,27.65,27.69,,27.51,,,217501,5976591.31,1075,F1,1,,,,,,Cash Only,Unclassified,27.47666666666667,27.46,27.49333333333334,27.49333333333334,27.46,0.033333333333338544,0.12116806009937675,Narrow,Bullish,Above CPR,True,False,0.3,60,11125950.625,Lower,False,No setup
2026-08-14,2026-08-14,CM,NSE,STK,15332,INE584A01023,NMDC,EQ,,,,,NMDC LTD.,85.33,85.35,83.14,84.4,84.4,85.0,,84.4,,,18589633,1561013151.65,51692,F1,1,,,,,,F&O + Cash,Metals & Mining,84.29666666666667,84.245,84.34833333333333,84.34833333333333,84.245,0.10333333333332462,0.1224328593996737,Narrow,Bullish,Above CPR,True,False,0.18333333333333332,60,1577862684.0,Lower,True,No setup
2026-08-14,2026-08-14,CM,NSE,STK,14260,INE940H01022,PGIL,EQ,,,,,PEARL GLOBAL IND LIMITED,2464.6,2495.0,2445.1,2474.6,2472.0,2464.9,,2474.66,,,50702,125406454.9,6494,F1,1,,,,,,Cash Only,Unclassified,2471.566666666667,2470.05,2473.083333333334,2473.083333333334,2470.05,3.0333333333337578,0.12257873326330548,Narrow,Bullish,Above CPR,True,False,0.18333333333333332,60,135849287.8,Overlapping,True,No setup
2026-08-14,2026-08-14,CM,NSE,STK,21690,INE935N01020,DIXON,EQ,,,,,DIXON TECHNO (INDIA) LTD,14009.0,14209.0,13999.0,14130.0,14130.0,14035.0,,14130.52,,,206105,2911089562.0,34125,F1,1,,,,,,F&O + Cash,Consumer Durables,14112.666666666666,14104.0,14121.333333333332,14121.333333333332,14104.0,17.33333333333212,0.12267044114177014,Narrow,Bullish,Above CPR,True,False,0.08333333333333333,60,5927010661.5,Higher,True,Long
2026-08-14,2026-08-14,CM,NSE,STK,758460,INE718I01012,JSWCEMENT,EQ,,,,,JSW CEMENT LIMITED,131.0,131.36,128.2,130.02,130.12,131.08,,130.02,,,1890822,245374023.16,24718,F1,1,,,,,,Cash Only,Construction Materials,129.86,129.78,129.94000000000003,129.94000000000003,129.78,0.160000000000025,0.12305799107831486,Narrow,Bullish,Above CPR,True,False,0.23333333333333334,60,240840831.105,Lower,True,No setup
2026-08-14,2026-08-14,CM,NSE,STK,14019,INE484C01030,VEEDOL,EQ,,,,,VEEDOL CORPORATION LTD,1505.3,1530.0,1490.2,1512.9,1507.8,1497.9,,1512.85,,,12636,19045406.3,1490,F1,1,,,,,,Cash Only,Unclassified,1511.0333333333335,1510.1,1511.9666666666672,1511.9666666666672,1510.1,1.8666666666672427,0.12338334765465284,Narrow,Bullish,Above CPR,True,False,0.23333333333333334,60,13776872.3,Higher,True,Long
2026-08-14,2026-08-14,CM,NSE,STK,11840,INE410P01011,NH,EQ,,,,,NARAYANA HRUDAYALAYA LTD.,1840.0,1843.3,1815.0,1832.6,1831.0,1831.0,,1832.61,,,222945,407872957.5,27546,F1,1,,,,,,Cash Only,Healthcare,1830.3,1829.15,1831.4499999999998,1831.4499999999998,1829.15,2.299999999999727,0.12550474735347197,Narrow,Bullish,Above CPR,True,False,0.15,60,514295749.0,Lower,True,No setup
2026-08-14,2026-08-14,CM,NSE,STK,6803,INE124E01038,STEELCAS,EQ,,,,,STEELCAST LIMITED,356.0,357.0,345.35,351.85,353.0,354.15,,351.84,,,120698,42446805.4,3605,F1,1,,,,,,Cash Only,Unclassified,351.40000000000003,351.175,351.62500000000006,351.62500000000006,351.175,0.4500000000000455,0.12789540997585488,Narrow,Bullish,Above CPR,True,False,0.16666666666666666,60,21832647.9,Higher,True,Long
2026-08-14,2026-08-14,CM,NSE,STK,22566,INE0NLT01010,BLSE,EQ,,,,,BLS E-SERVICES LIMITED,314.0,317.7,309.55,314.25,314.0,315.3,,314.27,,,842849,264000598.75,8640,F1,1,,,,,,Cash Only,Unclassified,313.8333333333333,313.625,314.04166666666663,314.04166666666663,313.625,0.41666666666662877,0.13259082471491768,Narrow,Bullish,Above CPR,True,False,0.15,60,102132884.86500001,Lower,True,No setup
2026-08-14,2026-08-14,CM,NSE,STK,5751,INE953O01021,SANSERA,EQ,,,,,SANSERA ENGINEERING LTD,3837.9,4038.0,3795.5,3924.6,3926.0,3786.0,,3924.55,,,688015,2726003437.9,72950,F1,1,,,,,,Cash Only,Unclassified,3919.366666666667,3916.75,3921.9833333333336,3921.9833333333336,3916.75,5.233333333333576,0.13334692282865962,Narrow,Bullish,Above CPR,True,False,0.11666666666666667,60,776792478.9000001,Higher,True,Long
2026-08-14,2026-08-14,CM,NSE,STK,583,INE477A01020,CANFINHOME,EQ,,,,,CAN FIN HOMES LTD,822.0,823.15,815.1,820.8,823.15,821.85,,820.44,,,90795,74342884.5,7015,F1,1,,,,,,Cash Only,Financial Services,819.6833333333334,819.125,820.2416666666668,820.2416666666668,819.125,1.116666666666788,0.1360461338531662,Narrow,Bullish,Above CPR,True,False,0.31666666666666665,60,163041795.7,Lower,False,No setup
2026-08-14,2026-08-14,CM,NSE,STK,761270,INE598D01035,ALGOQUANT,EQ,,,,,ALGOQUANT FINTECH LIMITED,65.6,67.0,64.73,66.0,66.49,65.88,,65.98,,,1250846,82619341.73,2405,F1,1,,,,,,Cash Only,Unclassified,65.91000000000001,65.86500000000001,65.95500000000001,65.95500000000001,65.86500000000001,0.09000000000000341,0.13636363636364154,Narrow,Bullish,Above CPR,True,False,0.21666666666666667,60,72282035.505,Overlapping,True,No setup
2026-08-14,2026-08-14,CM,NSE,STK,29224,INE013P01021,ONESOURCE,EQ,,,,,ONESOURCE SPECL PHARMA L,1566.0,1579.0,1533.0,1559.2,1545.0,1571.3,,1558.99,,,239351,373042892.6,21699,F1,1,,,,,,Cash Only,Healthcare,1557.0666666666666,1556.0,1558.1333333333332,1558.1333333333332,1556.0,2.133333333333212,0.13682230203522397,Narrow,Bullish,Above CPR,True,False,0.11666666666666667,60,351903422.5,Lower,True,No setup
2026-08-14,2026-08-14,CM,NSE,STK,1485,INE559A01017,IFBIND,EQ,,,,,IFB INDUSTRIES LTD,1386.6,1401.5,1360.0,1383.6,1380.0,1386.0,,1383.67,,,39816,55029856.1,4831,F1,1,,,,,,Cash Only,Unclassified,1381.7,1380.75,1382.65,1382.65,1380.75,1.900000000000091,0.13732292570107626,Narrow,Bullish,Above CPR,True,False,0.2,60,78501465.9,Inside,True,No setup
2026-08-14,2026-08-14,CM,NSE,STK,19061,INE522D01027,MANAPPURAM,EQ,,,,,MANAPPURAM FINANCE LTD,348.0,352.0,344.55,349.0,349.0,348.4,,348.99,,,3722962,1299423230.95,25156,F1,1,,,,,,F&O + Cash,Financial Services,348.51666666666665,348.275,348.7583333333333,348.7583333333333,348.275,0.4833333333333485,0.13849092645654684,Narrow,Bullish,Above CPR,True,False,0.16666666666666666,60,1006572185.5250001,Lower,True,No setup
2026-08-14,2026-08-14,CM,NSE,STK,10276,INE587G01015,KAYA,EQ,,,,,KAYA LIMITED,288.0,305.0,287.45,296.85,305.0,292.8,,296.51,,,12712,3742166.75,547,F1,1,,,,,,Cash Only,Unclassified,296.43333333333334,296.225,296.64166666666665,296.64166666666665,296.225,0.41666666666662877,0.1403626972095768,Narrow,Bullish,Above CPR,True,False,0.1,60,3349161.1950000003,Inside,True,No setup
2026-08-14,2026-08-14,CM,NSE,STK,3351,INE044A01036,SUNPHARMA,EQ,,,,,SUN PHARMACEUTICAL IND L,1932.0,1937.0,1914.7,1930.0,1930.0,1932.0,,1929.9,,,881282,1693975587.6,62630,F1,1,,,,,,F&O + Cash,Healthcare,1927.2333333333333,1925.85,1928.6166666666668,1928.6166666666668,1925.85,2.766666666666879,0.14335060449051187,Narrow,Bullish,Above CPR,True,False,0.35,60,3917088482.7,Lower,False,No setup
2026-08-14,2026-08-14,CM,NSE,STK,11779,INE543V01017,ACEINTEG,EQ,,,,,ACE INTEGRATED SOLU. LTD.,17.96,17.98,17.54,17.8,17.8,17.42,,17.8,,,3254,58342.2,68,F1,1,,,,,,Cash Only,Unclassified,17.77333333333333,17.759999999999998,17.78666666666666,17.78666666666666,17.759999999999998,0.02666666666666373,0.1498127340823805,Narrow,Bullish,Above CPR,True,False,0.13333333333333333,60,78425.59,Inside,True,No setup
2026-08-14,2026-08-14,CM,NSE,STK,16795,INE877I01016,ARCHIDPLY,EQ,,,,,ARCHIDPLY IND. LTD,94.62,94.62,91.56,93.3,93.5,92.81,,93.3,,,10833,1007232.75,139,F1,1,,,,,,Cash Only,Unclassified,93.16000000000001,93.09,93.23000000000002,93.23000000000002,93.09,0.14000000000001478,0.15005359056807585,Narrow,Bullish,Above CPR,True,False,0.11666666666666667,60,635931.675,Higher,True,Long
2026-08-14,2026-08-14,CM,NSE,STK,739,INE169A01031,COROMANDEL,EQ,,,,,COROMANDEL INTERNTL. LTD,2088.0,2106.0,2075.1,2095.3,2095.0,2088.8,,2095.06,,,85771,179717184.3,9828,F1,1,,,,,,Cash Only,Chemicals,2092.1333333333337,2090.55,2093.716666666667,2093.716666666667,2090.55,3.16666666666697,0.15113189837574426,Narrow,Bullish,Above CPR,True,False,0.25,60,376451772.95,Higher,True,Long
2026-08-14,2026-08-14,CM,NSE,STK,13414,INE411H01032,RSYSTEMS,EQ,,,,,R SYS INTERNATIONAL LTD,242.4,244.0,238.5,241.8,242.5,242.7,,241.8,,,98387,23692190.95,4032,F1,1,,,,,,Cash Only,Unclassified,241.4333333333333,241.25,241.61666666666662,241.61666666666662,241.25,0.3666666666666174,0.151640474221099,Narrow,Bullish,Above CPR,True,False,0.1,60,77849465.67,Lower,True,No setup
2026-08-14,2026-08-14,CM,NSE,STK,10181,INE875R01011,BALKRISHNA,EQ,,,,,BALKRISHNA PAPER MILLS L,17.41,18.0,17.0,17.54,17.05,17.41,,17.54,,,7983,139829.72,72,F1,1,,,,,,Cash Only,Unclassified,17.513333333333332,17.5,17.526666666666664,17.526666666666664,17.5,0.02666666666666373,0.1520334473584021,Narrow,Bullish,Above CPR,True,False,0.06666666666666667,60,157005.36,Inside,True,No setup
2026-08-14,2026-08-14,CM,NSE,STK,761469,INE12UN01015,SHADOWFAX,EQ,,,,,SHADOWFAX TECHNOLOGIES L,250.0,253.0,248.51,251.33,251.82,248.25,,251.36,,,2596502,652338469.61,27737,F1,1,,,,,,Cash Only,Unclassified,250.9466666666667,250.755,251.13833333333338,251.13833333333338,250.755,0.3833333333333826,0.15252191673631582,Narrow,Bullish,Above CPR,True,False,0.13333333333333333,60,546597067.875,Higher,True,Long
2026-08-14,2026-08-14,CM,NSE,STK,1594,INE009A01021,INFY,EQ,,,,,INFOSYS LIMITED,1170.4,1174.1,1158.9,1169.2,1169.2,1175.0,,1169.2,,,5844763,6820453891.5,136821,F1,1,,,,,,F&O + Cash,Information Technology,1167.3999999999999,1166.5,1168.2999999999997,1168.2999999999997,1166.5,1.7999999999997272,0.15395141977418123,Narrow,Bullish,Above CPR,True,False,0.25,60,11905287732.0,Inside,True,No setup
2026-08-14,2026-08-14,CM,NSE,STK,1085,INE524A01029,GABRIEL,EQ,,,,,GABRIEL INDIA LTD,1440.0,1471.2,1440.0,1459.0,1454.8,1447.9,,1459.08,,,117649,171784747.5,10147,F1,1,,,,,,Cash Only,Automobile and Auto Components,1456.7333333333333,1455.6,1457.8666666666668,1457.8666666666668,1455.6,2.266666666666879,0.15535755083391903,Narrow,Bullish,Above CPR,True,False,0.16666666666666666,60,401482071.5,Inside,True,No setup
2026-08-14,2026-08-14,CM,NSE,STK,822,INE862Y01015,BANKA,EQ,,,,,BANKA BIOLOO LIMITED,82.0,83.0,79.5,81.44,83.0,81.97,,81.44,,,1410,114720.72,25,F1,1,,,,,,Cash Only,Unclassified,81.31333333333333,81.25,81.37666666666667,81.37666666666667,81.25,0.12666666666666515,0.15553372626063994,Narrow,Bullish,Above CPR,True,False,0.13333333333333333,60,238828.515,Lower,True,No setup
2026-08-14,2026-08-14,CM,NSE,STK,22730,INE0QTF01015,VSTL,EQ,,,,,VIBHOR STEEL TUBES LTD,107.46,108.5,106.81,107.91,108.49,106.88,,107.9,,,10513,1129778.45,360,F1,1,,,,,,Cash Only,Unclassified,107.74000000000001,107.655,107.82500000000002,107.82500000000002,107.655,0.17000000000001592,0.15753868964879614,Narrow,Bullish,Above CPR,True,False,0.16666666666666666,60,1190206.7,Higher,True,Long
2026-08-14,2026-08-14,CM,NSE,STK,10485,INE207E01023,RAMRAT,EQ,,,,,RAM RATNA WIRES LIMITED,473.8,478.85,469.0,475.05,476.0,471.35,,475.06,,,138081,65540127.6,5506,F1,1,,,,,,Cash Only,Unclassified,474.3,473.925,474.675,474.675,473.925,0.75,0.15787811809283234,Narrow,Bullish,Above CPR,True,False,0.06666666666666667,60,69725194.32499999,Inside,True,No setup
2026-08-14,2026-08-14,CM,NSE,STK,20547,INF251K01SU9,BBNPPGOLD,EQ,,,,,BARODABNP - BBNPPGOLD,146.35,146.9,144.8,146.2,146.9,147.05,,146.2,,,2439,354411.2,71,F1,1,,,,,,Cash Only,Unclassified,145.96666666666667,145.85000000000002,146.08333333333331,146.08333333333331,145.85000000000002,0.23333333333329165,0.1595987232101858,Narrow,Bullish,Above CPR,True,False,0.3,60,582784.225,Lower,False,No setup
2026-08-14,2026-08-14,CM,NSE,STK,19184,INE916U01025,SFL,EQ,,,,,SHEELA FOAM LIMITED,699.4,705.0,691.5,699.95,697.0,695.95,,699.95,,,141739,99159270.35,12337,F1,1,,,,,,Cash Only,Unclassified,698.8166666666666,698.25,699.3833333333332,699.3833333333332,698.25,1.133333333333212,0.1619163273566986,Narrow,Bullish,Above CPR,True,False,0.2,60,146266511.9,Higher,True,Long
2026-08-14,2026-08-14,CM,NSE,STK,480,INE340A01012,BIRLACORPN,EQ,,,,,BIRLA CORPORATION LTD,898.5,908.7,896.65,904.9,903.1,902.05,,904.91,,,25173,22760441.15,2302,F1,1,,,,,,Cash Only,Unclassified,903.4166666666666,902.675,904.1583333333333,904.1583333333333,902.675,1.4833333333333485,0.16392234869414837,Narrow,Bullish,Above CPR,True,False,0.25,60,56199927.025000006,Higher,True,Long
2026-08-14,2026-08-14,CM,NSE,STK,3220,INE670K01029,LODHA,EQ,,,,,LODHA DEVELOPERS LIMITED,1237.9,1254.6,1227.0,1243.9,1243.9,1232.3,,1243.86,,,1145101,1423307357.3,25453,F1,1,,,,,,F&O + Cash,Realty,1241.8333333333333,1240.8,1242.8666666666666,1242.8666666666666,1240.8,2.066666666666606,0.166144116622446,Narrow,Bullish,Above CPR,True,False,0.18333333333333332,60,1936989804.775,Higher,True,Long
2026-08-14,2026-08-14,CM,NSE,STK,17764,INE056I01025,REFEX,EQ,,,,,REFEX INDUSTRIES LIMITED,293.4,302.0,291.0,297.25,296.65,293.4,,297.23,,,390259,115880479.0,7694,F1,1,,,,,,Cash Only,Unclassified,296.75,296.5,297.0,297.0,296.5,0.5,0.16820857863751051,Narrow,Bullish,Above CPR,True,False,0.2,60,206461322.45,Higher,True,Long
2026-08-14,2026-08-14,CM,NSE,STK,12978,INF277K010X4,NPBET,EQ,,,,,TATAAML - NPBET,282.65,283.55,281.89,283.44,283.49,283.17,,283.44,,,57,16122.71,15,F1,1,,,,,,Cash Only,Unclassified,282.96000000000004,282.72,283.20000000000005,283.20000000000005,282.72,0.4800000000000182,0.16934801016088702,Narrow,Bullish,Above CPR,True,False,0.3333333333333333,60,224667.48,Outside,False,No setup
2026-08-14,2026-08-14,CM,NSE,STK,1521,INE560A01023,INDIAGLYCO,EQ,,,,,INDIA GLYCOLS LTD,1060.0,1070.9,1045.9,1061.1,1067.0,1056.3,,1060.93,,,84957,89779451.4,6718,F1,1,,,,,,Cash Only,Unclassified,1059.3,1058.4,1060.1999999999998,1060.1999999999998,1058.4,1.7999999999997272,0.16963528413907525,Narrow,Bullish,Above CPR,True,False,0.16666666666666666,60,95298974.925,Overlapping,True,No setup
2026-08-14,2026-08-14,CM,NSE,STK,5501,INE384C01016,YUKEN,EQ,,,,,YUKEN INDIA LIMITED,845.65,869.0,833.05,853.2,855.3,845.65,,853.07,,,7707,6602961.5,637,F1,1,,,,,,Cash Only,Unclassified,851.75,851.025,852.475,852.475,851.025,1.4500000000000455,0.16994842944210567,Narrow,Bullish,Above CPR,True,False,0.2,60,6243297.7,Higher,True,Long
2026-08-14,2026-08-14,CM,NSE,STK,2124,INE759A01021,MASTEK,EQ,,,,,MASTEK LTD,1833.0,1850.0,1805.0,1832.2,1840.0,1826.4,,1832.38,,,24933,45441471.5,4500,F1,1,,,,,,Cash Only,Unclassified,1829.0666666666666,1827.5,1830.6333333333332,1830.6333333333332,1827.5,3.133333333333212,0.1710148091547436,Narrow,Bullish,Above CPR,True,False,0.15,60,77947484.85,Outside,True,No setup
2026-08-14,2026-08-14,CM,NSE,STK,5865,INE548Z01017,LAGNAM,EQ,,,,,LAGNAM SPINTEX LIMITED,79.02,79.95,77.22,78.79,79.94,78.29,,78.79,,,11384,891956.39,151,F1,1,,,,,,Cash Only,Unclassified,78.65333333333335,78.58500000000001,78.72166666666669,78.72166666666669,78.58500000000001,0.13666666666668448,0.17345686846894842,Narrow,Bullish,Above CPR,True,False,0.16666666666666666,60,599845.245,Overlapping,True,No setup
2026-08-14,2026-08-14,CM,NSE,STK,25584,INE152M01016,TRITURBINE,EQ,,,,,TRIVENI TURBINE LIMITED,595.9,602.7,579.0,592.4,587.0,591.95,,592.4,,,396736,235404961.55,20463,F1,1,,,,,,Cash Only,Capital Goods,591.3666666666667,590.85,591.8833333333333,591.8833333333333,590.85,1.033333333333303,0.17443169029934216,Narrow,Bullish,Above CPR,True,False,0.13333333333333333,60,460298784.3,Overlapping,True,No setup
2026-08-14,2026-08-14,CM,NSE,STK,759880,INE19RI01016,TENNIND,EQ,,,,,TENNECO CLEAN AIR INDIA L,539.0,541.5,532.15,538.25,541.4,533.4,,538.28,,,987360,530026143.6,22758,F1,1,,,,,,Cash Only,Automobile and Auto Components,537.3000000000001,536.825,537.7750000000001,537.7750000000001,536.825,0.9500000000000455,0.17649790989318076,Narrow,Bullish,Above CPR,True,False,0.18333333333333332,60,329540559.775,Overlapping,True,No setup
2026-08-14,2026-08-14,CM,NSE,STK,8110,INE699H01024,AWL,EQ,,,,,AWL AGRI BUSINESS LIMITED,192.0,193.0,190.3,192.16,192.5,192.11,,192.16,,,3033920,582022251.31,17955,F1,1,,,,,,Cash Only,Fast Moving Consumer Goods,191.82000000000002,191.65,191.99000000000004,191.99000000000004,191.65,0.34000000000003183,0.17693588676104904,Narrow,Bullish,Above CPR,True,False,0.15,60,412069374.995,Lower,True,No setup
2026-08-14,2026-08-14,CM,NSE,STK,24924,INE819L01012,ELGIRUBCO,EQ,,,,,ELGI RUBBER CO. LTD,59.0,60.05,56.3,58.33,60.05,59.17,,58.33,,,65656,3807630.85,1767,F1,1,,,,,,Cash Only,Unclassified,58.22666666666667,58.175,58.278333333333336,58.278333333333336,58.175,0.10333333333333883,0.17715298017030487,Narrow,Bullish,Above CPR,True,False,0.13333333333333333,60,2810189.705,Lower,True,No setup
2026-08-14,2026-08-14,CM,NSE,STK,2705,INE074A01025,PRAJIND,EQ,,,,,PRAJ INDUSTRIES LTD,321.55,347.7,321.0,335.25,335.0,321.55,,335.27,,,6284959,2135641248.8,94610,F1,1,,,,,,Cash Only,Unclassified,334.65000000000003,334.35,334.95000000000005,334.95000000000005,334.35,0.6000000000000227,0.17897091722595757,Narrow,Bullish,Above CPR,True,False,0.21666666666666667,60,232314805.25,Higher,True,Long
2026-08-14,2026-08-14,CM,NSE,STK,3149,INE666D01022,BORORENEW,EQ,,,,,BOROSIL RENEWABLES LTD,582.8,582.8,568.2,577.05,573.55,579.0,,577.03,,,280169,161038449.5,10192,F1,1,,,,,,Cash Only,Unclassified,576.0166666666667,575.5,576.5333333333333,576.5333333333333,575.5,1.033333333333303,0.17907171533373245,Narrow,Bullish,Above CPR,True,False,0.13333333333333333,60,296937146.975,Lower,True,No setup
2026-08-14,2026-08-14,CM,NSE,STK,1185,INE371P01015,AMBER,EQ,,,,,AMBER ENTERPRISES (I) LTD,7170.5,7350.0,7055.0,7222.0,7222.0,7175.0,,7222.0,,,749611,5419369040.0,80818,F1,1,,,,,,F&O + Cash,Consumer Durables,7209.0,7202.5,7215.5,7215.5,7202.5,13.0,0.1800055386319579,Narrow,Bullish,Above CPR,True,False,0.23333333333333334,60,2284527036.5,Higher,True,Long
2026-08-14,2026-08-14,CM,NSE,STK,4717,INE129A01019,GAIL,EQ,,,,,GAIL (INDIA) LTD,175.4,175.4,173.45,174.9,174.9,175.9,,174.9,,,4645490,808418939.64,70864,F1,1,,,,,,F&O + Cash,Oil Gas & Consumable Fuels,174.58333333333334,174.425,174.74166666666667,174.74166666666667,174.425,0.3166666666666629,0.18105584143319775,Narrow,Bullish,Above CPR,True,False,0.36666666666666664,60,1522374508.395,Lower,False,No setup
2026-08-14,2026-08-14,CM,NSE,STK,4064,INE144D01012,CUBEXTUB,EQ,,,,,CUBEX TUBINGS LTD,82.6,83.75,81.0,82.6,83.3,82.6,,82.66,,,62184,5124126.25,1881,F1,1,,,,,,Cash Only,Unclassified,82.45,82.375,82.525,82.525,82.375,0.15000000000000568,0.18159806295400205,Narrow,Bullish,Above CPR,True,False,0.15,60,3383699.255,Lower,True,No setup
2026-08-14,2026-08-14,CM,NSE,STK,2088,INE271B01025,MAHSEAMLES,EQ,,,,,MAHARASHTRA SEAMLESS LTD,610.0,615.0,606.5,612.45,610.0,612.0,,612.49,,,85390,52236702.65,8493,F1,1,,,,,,Cash Only,Unclassified,611.3166666666667,610.75,611.8833333333334,611.8833333333334,610.75,1.1333333333334394,0.18504911965604365,Narrow,Bullish,Above CPR,True,False,0.21666666666666667,60,50779099.05,Lower,True,No setup
2026-08-14,2026-08-14,CM,NSE,STK,3586,INE514Y01020,MOKSH,EQ,,,,,MOKSH ORNAMENTS LIMITED,10.75,10.77,10.23,10.53,10.7,10.61,,10.53,,,57429,599437.76,332,F1,1,,,,,,Cash Only,Unclassified,10.51,10.5,10.52,10.52,10.5,0.019999999999999574,0.18993352326685256,Narrow,Bullish,Above CPR,True,False,0.21666666666666667,60,755414.89,Lower,True,No setup
2026-08-14,2026-08-14,CM,NSE,STK,24184,INE603J01030,PIIND,EQ,,,,,PI INDUSTRIES LTD,2478.8,2505.0,2461.0,2490.1,2490.1,2494.3,,2490.26,,,352632,878007459.8,25144,F1,1,,,,,,F&O + Cash,Chemicals,2485.366666666667,2483.0,2487.7333333333336,2487.7333333333336,2483.0,4.733333333333576,0.19008607418712406,Narrow,Bullish,Above CPR,True,False,0.36666666666666664,60,651619852.8,Lower,False,No setup
2026-08-14,2026-08-14,CM,NSE,STK,15313,INE821I01022,IRB,EQ,,,,,IRB INFRA DEV LTD.,19.2,19.35,19.06,19.26,19.27,19.21,,19.26,,,5641520,108223657.02,15028,F1,1,,,,,,Cash Only,Construction,19.223333333333333,19.205,19.241666666666667,19.241666666666667,19.205,0.036666666666668846,0.1903772931810428,Narrow,Bullish,Above CPR,True,False,0.4166666666666667,60,197563302.64,Lower,False,No setup
2026-08-14,2026-08-14,CM,NSE,STK,1139,INE289B01019,GICHSGFIN,EQ,,,,,GIC HOUSING FINANCE LTD,139.62,142.0,139.35,141.08,140.79,139.62,,141.2,,,103500,14531788.54,1190,F1,1,,,,,,Cash Only,Unclassified,140.81000000000003,140.675,140.94500000000005,140.94500000000005,140.675,0.27000000000003865,0.19138077686421792,Narrow,Bullish,Above CPR,True,False,0.5333333333333333,60,13110979.035,Inside,False,No setup
2026-08-14,2026-08-14,CM,NSE,STK,762844,INE722B01019,PRAVEG,EQ,,,,,PRAVEG LTD.,263.1,285.55,252.3,269.7,267.2,277.6,,269.7,,,219208,59236657.4,4251,F1,1,,,,,,Cash Only,Unclassified,269.18333333333334,268.925,269.44166666666666,269.44166666666666,268.925,0.5166666666666515,0.19157088122604804,Narrow,Bullish,Above CPR,True,False,0.11666666666666667,60,15728870.625,Lower,True,No setup
2026-08-14,2026-08-14,CM,NSE,STK,8827,INE652Z01025,AVROIND,EQ,,,,,AVRO INDIA LIMITED,8.6,9.0,8.21,8.63,8.29,8.49,,8.62,,,460843,3981694.91,992,F1,1,,,,,,Cash Only,Unclassified,8.613333333333335,8.605,8.62166666666667,8.62166666666667,8.605,0.016666666666669272,0.19312475859408193,Narrow,Bullish,Above CPR,True,False,0.18333333333333332,60,2412606.415,Lower,True,No setup
2026-08-14,2026-08-14,CM,NSE,STK,24067,INE0HV901016,IXIGO,EQ,,,,,LE TRAVENUES TECHNOLOGY L,172.0,175.45,171.6,174.03,174.17,171.35,,174.03,,,603188,104719048.5,12084,F1,1,,,,,,Cash Only,Unclassified,173.6933333333333,173.52499999999998,173.86166666666662,173.86166666666662,173.52499999999998,0.3366666666666447,0.1934532360320891,Narrow,Bullish,Above CPR,True,False,0.11666666666666667,60,208608390.235,Inside,True,No setup
2026-08-14,2026-08-14,CM,NSE,STK,11427,INE155G01029,NDTV,EQ,,,,,NDTV LTD,76.0,76.84,75.77,76.53,76.84,76.37,,76.53,,,110333,8404110.32,960,F1,1,,,,,,Cash Only,Unclassified,76.38000000000001,76.305,76.45500000000001,76.45500000000001,76.305,0.15000000000000568,0.19600156801255153,Narrow,Bullish,Above CPR,True,False,0.38333333333333336,60,13203480.895,Overlapping,False,No setup
2026-08-14,2026-08-14,CM,NSE,STK,17869,INE121E01018,JSWENERGY,EQ,,,,,JSW ENERGY LIMITED,557.2,561.75,554.95,560.0,560.0,558.6,,559.93,,,1214322,677982731.7,25400,F1,1,,,,,,F&O + Cash,Power,558.9,558.35,559.4499999999999,559.4499999999999,558.35,1.099999999999909,0.1964285714285552,Narrow,Bullish,Above CPR,True,False,0.36666666666666664,60,1288573558.55,Higher,False,No setup
2026-08-14,2026-08-14,CM,NSE,STK,17507,INE452L01012,INCREDIBLE,EQ,,,,,INCREDIBLE INDUSTRIES LTD,31.28,32.99,31.28,32.23,32.25,31.92,,32.39,,,2483,80574.61,58,F1,1,,,,,,Cash Only,Unclassified,32.166666666666664,32.135000000000005,32.19833333333332,32.19833333333332,32.135000000000005,0.06333333333331836,0.1965042920673856,Narrow,Bullish,Above CPR,True,False,0.13333333333333333,60,127920.565,Higher,True,Long
2026-08-14,2026-08-14,CM,NSE,STK,761494,INE00SW01015,BCPL,EQ,,,,,BCPL RAILWAY INFRA LTD,68.05,77.2,68.05,72.84,73.19,68.69,,72.82,,,44007,3221236.86,845,F1,1,,,,,,Cash Only,Unclassified,72.69666666666667,72.625,72.76833333333335,72.76833333333335,72.625,0.14333333333334508,0.19677832692661323,Narrow,Bullish,Above CPR,True,False,0.2,60,789755.04,Higher,True,Long
2026-08-14,2026-08-14,CM,NSE,STK,9810,INE0BWX01014,AETHER,EQ,,,,,AETHER INDUSTRIES LIMITED,1588.0,1658.0,1582.5,1625.1,1629.9,1580.1,,1625.24,,,262061,428842777.7,26396,F1,1,,,,,,Cash Only,Unclassified,1621.8666666666668,1620.25,1623.4833333333336,1623.4833333333336,1620.25,3.233333333333576,0.19896211515190304,Narrow,Bullish,Above CPR,True,False,0.25,60,348867911.3,Higher,True,Long
2026-08-14,2026-08-14,CM,NSE,STK,16821,INE250B01029,VINYLINDIA,EQ,,,,,VINYL CHEMICALS (I) LTD.,234.0,242.84,233.0,238.64,238.0,240.46,,238.64,,,4311,1027338.21,202,F1,1,,,,,,Cash Only,Unclassified,238.16,237.92000000000002,238.39999999999998,238.39999999999998,237.92000000000002,0.47999999999996135,0.20113979215553193,Narrow,Bullish,Above CPR,True,False,0.2,60,2867983.0250000004,Lower,True,No setup
2026-08-14,2026-08-14,CM,NSE,STK,2783,INE0BY001018,JUBLINGREA,EQ,,,,,JUBILANT INGREVIA LIMITED,739.8,740.0,729.45,736.95,737.0,736.3,,737.83,,,161001,118505548.85,8120,F1,1,,,,,,Cash Only,Chemicals,735.4666666666667,734.725,736.2083333333334,736.2083333333334,734.725,1.4833333333333485,0.20128005065925075,Narrow,Bullish,Above CPR,True,False,0.18333333333333332,60,240184640.65,Higher,True,Long
2026-08-14,2026-08-14,CM,NSE,STK,2320,INE103C01036,SMCGLOBAL,EQ,,,,,SMC GLOBAL SECURITIES LTD,79.0,79.89,78.55,79.46,79.85,79.07,,79.46,,,636425,50322816.4,1185,F1,1,,,,,,Cash Only,Unclassified,79.3,79.22,79.38,79.38,79.22,0.1599999999999966,0.20135917442738058,Narrow,Bullish,Above CPR,True,False,0.2833333333333333,60,35543948.26,Higher,False,No setup
2026-08-14,2026-08-14,CM,NSE,STK,758572,INE0V3U01015,GLOBECIVIL,EQ,,,,,GLOBE CIVIL PROJECTS LTD,44.39,45.45,43.1,44.41,45.4,44.31,,44.41,,,269022,11975459.45,492,F1,1,,,,,,Cash Only,Unclassified,44.32,44.275000000000006,44.364999999999995,44.364999999999995,44.275000000000006,0.0899999999999892,0.20265705922087188,Narrow,Bullish,Above CPR,True,False,0.2,60,3957745.235,Higher,True,Long
2026-08-14,2026-08-14,CM,NSE,STK,5900,INE238A01034,AXISBANK,EQ,,,,,AXIS BANK LIMITED,1216.0,1218.7,1208.6,1217.4,1217.4,1221.8,,1217.4,,,5557745,6746022091.3,231929,F1,1,,,,,,F&O + Cash,Financial Services,1214.9,1213.65,1216.15,1216.15,1213.65,2.5,0.20535567603088548,Narrow,Bullish,Above CPR,True,False,0.31666666666666665,60,8170571747.85,Lower,False,No setup
2026-08-14,2026-08-14,CM,NSE,STK,3021,INE035D01020,SOTL,EQ,,,,,SAVITA OIL TECHNOLO. LTD,682.0,713.75,680.2,699.15,705.0,681.9,,699.17,,,302022,212070640.65,9851,F1,1,,,,,,Cash Only,Unclassified,697.6999999999999,696.975,698.4249999999998,698.4249999999998,696.975,1.449999999999818,0.2073946935564354,Narrow,Bullish,Above CPR,True,False,0.16666666666666666,60,144137923.975,Higher,True,Long
2026-08-14,2026-08-14,CM,NSE,STK,2168,INE00KV01022,RAJMET,EQ,,,,,RAJNANDINI METAL LIMITED,3.27,3.3,3.1,3.21,3.24,3.28,,3.21,,,335604,1089280.96,787,F1,1,,,,,,Cash Only,Unclassified,3.203333333333333,3.2,3.206666666666666,3.206666666666666,3.2,0.0066666666666659324,0.20768431983382968,Narrow,Bullish,Above CPR,True,False,0.25,60,802121.4550000001,Lower,True,No setup
2026-08-14,2026-08-14,CM,NSE,STK,25984,INE679V01027,AVL,EQ,,,,,ADITYA VISION LIMITED,618.85,630.7,614.7,624.65,625.0,618.85,,624.64,,,94353,59023303.15,5400,F1,1,,,,,,Cash Only,Unclassified,623.35,622.7,624.0,624.0,622.7,1.2999999999999545,0.20811654526534132,Narrow,Bullish,Above CPR,True,False,0.25,60,102402804.075,Higher,True,Long
2026-08-14,2026-08-14,CM,NSE,STK,21770,INE765G01017,ICICIGI,EQ,,,,,ICICI LOMBARD GIC LIMITED,1633.8,1633.8,1616.0,1630.0,1630.0,1628.0,,1629.96,,,534759,870050366.4,23142,F1,1,,,,,,F&O + Cash,Financial Services,1626.6000000000001,1624.9,1628.3000000000002,1628.3000000000002,1624.9,3.400000000000091,0.20858895705522032,Narrow,Bullish,Above CPR,True,False,0.25,60,995687200.3499999,Outside,True,No setup
2026-08-14,2026-08-14,CM,NSE,STK,6858,INE506Z01015,DHRUV,EQ,,,,,DHRUV CONSULTANCY SER LTD,24.5,24.79,23.0,23.97,23.96,23.63,,23.85,,,10308,249785.36,72,F1,1,,,,,,Cash Only,Unclassified,23.919999999999998,23.895,23.944999999999997,23.944999999999997,23.895,0.04999999999999716,0.20859407592823181,Narrow,Bullish,Above CPR,True,False,0.15,60,989511.805,Higher,True,Long
2026-08-14,2026-08-14,CM,NSE,STK,4444,INE979B01015,HAWKINCOOK,EQ,,,,,HAWKINS COOKERS LTD,8308.0,8450.0,8199.5,8351.0,8370.0,8305.5,,8351.06,,,1012,8407611.5,463,F1,1,,,,,,Cash Only,Unclassified,8333.5,8324.75,8342.25,8342.25,8324.75,17.5,0.20955574182732606,Narrow,Bullish,Above CPR,True,False,0.4166666666666667,60,9631727.25,Higher,False,No setup
2026-08-14,2026-08-14,CM,NSE,STK,11896,INE007B01023,GEOJITFSL,EQ,,,,,GEOJIT FINANCIAL SER L,81.45,81.45,78.78,80.37,80.38,79.9,,80.36,,,407474,32585378.44,5800,F1,1,,,,,,Cash Only,Unclassified,80.2,80.11500000000001,80.285,80.285,80.11500000000001,0.1699999999999875,0.21152171208160694,Narrow,Bullish,Above CPR,True,False,0.23333333333333334,60,25428178.7,Higher,True,Long
2026-08-14,2026-08-14,CM,NSE,STK,1901,INE298A01020,CUMMINSIND,EQ,,,,,CUMMINS INDIA LTD,5348.0,5426.0,5339.5,5400.0,5400.0,5315.0,,5400.02,,,415052,2238695337.5,40663,F1,1,,,,,,F&O + Cash,Capital Goods,5388.5,5382.75,5394.25,5394.25,5382.75,11.5,0.21296296296296297,Narrow,Bullish,Above CPR,True,False,0.3333333333333333,60,2077235603.25,Higher,False,No setup
2026-08-14,2026-08-14,CM,NSE,STK,4892,INE979A01025,SAREGAMA,EQ,,,,,SAREGAMA INDIA LIMITED,535.65,536.0,515.2,527.3,530.25,531.65,,527.29,,,747795,392572099.4,31667,F1,1,,,,,,Cash Only,Media Entertainment & Publication,526.1666666666666,525.6,526.7333333333332,526.7333333333332,525.6,1.133333333333212,0.21493141159363022,Narrow,Bullish,Above CPR,True,False,0.16666666666666666,60,336704902.375,Lower,True,No setup
2026-08-14,2026-08-14,CM,NSE,STK,7105,INE011K01018,TEGA,EQ,,,,,TEGA INDUSTRIES LIMITED,1667.1,1732.7,1663.9,1703.8,1695.0,1669.5,,1703.81,,,350386,596269488.5,31332,F1,1,,,,,,Cash Only,Capital Goods,1700.1333333333334,1698.3000000000002,1701.9666666666667,1701.9666666666667,1698.3000000000002,3.666666666666515,0.21520522753060894,Narrow,Bullish,Above CPR,True,False,0.21666666666666667,60,108928712.69999999,Higher,True,Long
2026-08-14,2026-08-14,CM,NSE,STK,4067,INE196A01026,MARICO,EQ,,,,,MARICO LIMITED,864.45,867.05,857.65,865.2,865.2,864.45,,865.28,,,1050654,907310040.75,26082,F1,1,,,,,,F&O + Cash,Fast Moving Consumer Goods,863.2999999999998,862.3499999999999,864.2499999999998,864.2499999999998,862.3499999999999,1.8999999999998636,0.21960240406840772,Narrow,Bullish,Above CPR,True,False,0.36666666666666664,60,1419625803.125,Overlapping,False,No setup
2026-08-14,2026-08-14,CM,NSE,STK,19196,INE133E01013,TI,EQ,,,,,TILAKNAGAR INDUSTRIES LTD,553.0,583.75,550.0,568.75,570.85,553.7,,568.74,,,3914329,2221178962.05,68772,F1,1,,,,,,Cash Only,Unclassified,567.5,566.875,568.125,568.125,566.875,1.25,0.21978021978021978,Narrow,Bullish,Above CPR,True,False,0.23333333333333334,60,184423476.8,Higher,True,Long
2026-08-14,2026-08-14,CM,NSE,STK,10243,INE398R01022,SYNGENE,EQ,,,,,SYNGENE INTERNATIONAL LTD,401.2,402.75,397.5,401.45,401.0,401.3,,401.45,,,497308,199194499.0,17416,F1,1,,,,,,Cash Only,Healthcare,400.56666666666666,400.125,401.0083333333333,401.0083333333333,400.125,0.8833333333333258,0.22003570390666977,Narrow,Bullish,Above CPR,True,False,0.26666666666666666,60,323667738.125,Lower,False,No setup
2026-08-14,2026-08-14,CM,NSE,STK,761670,INE05TO01019,AEROPLANE,EQ,,,,,AMIR CHAND JAG KUM (E) L,191.36,195.0,188.01,192.14,188.3,191.36,,192.06,,,319876,61206796.93,3162,F1,1,,,,,,Cash Only,Unclassified,191.71666666666667,191.505,191.92833333333334,191.92833333333334,191.505,0.4233333333333462,0.2203254571319591,Narrow,Bullish,Above CPR,True,False,0.15,20,84625315.4,Higher,True,Long
2026-08-14,2026-08-14,CM,NSE,STK,154,INE116A01032,APCOTEXIND,EQ,,,,,APCOTEX INDUSTRIES LIMITE,592.25,603.0,592.0,599.5,597.6,590.7,,599.43,,,70028,41814000.45,4059,F1,1,,,,,,Cash Only,Unclassified,598.1666666666666,597.5,598.8333333333333,598.8333333333333,597.5,1.3333333333332575,0.22240756185709049,Narrow,Bullish,Above CPR,True,False,0.23333333333333334,60,58994989.45,Higher,True,Long
2026-08-14,2026-08-14,CM,NSE,STK,759969,INE111F01024,PAUSHAKLTD,EQ,,,,,PAUSHAK LIMITED,751.4,756.6,720.05,740.8,740.0,745.45,,740.77,,,54889,40444291.5,3340,F1,1,,,,,,Cash Only,Unclassified,739.15,738.325,739.9749999999999,739.9749999999999,738.325,1.6499999999998636,0.22273218142546755,Narrow,Bullish,Above CPR,True,False,0.18333333333333332,60,11603630.725000001,Overlapping,True,No setup
2026-08-14,2026-08-14,CM,NSE,STK,22602,INE560K01014,PFS,EQ,,,,,PTC INDIA FIN SERV LTD,28.55,28.59,27.92,28.35,28.3,28.62,,28.35,,,362570,10237093.07,2394,F1,1,,,,,,Cash Only,Unclassified,28.286666666666672,28.255000000000003,28.318333333333342,28.318333333333342,28.255000000000003,0.06333333333333968,0.22339800117580133,Narrow,Bullish,Above CPR,True,False,0.31666666666666665,60,13299462.91,Lower,False,No setup
2026-08-14,2026-08-14,CM,NSE,STK,8585,INE589A01014,NLCINDIA,EQ,,,,,NLC INDIA LIMITED,274.8,277.3,271.65,275.4,276.0,274.35,,275.4,,,1346829,369695804.3,29351,F1,1,,,,,,Cash Only,Power,274.78333333333336,274.475,275.0916666666667,275.0916666666667,274.475,0.6166666666666742,0.22391672718470382,Narrow,Bullish,Above CPR,True,False,0.26666666666666666,60,831905576.5,Overlapping,False,No setup
2026-08-14,2026-08-14,CM,NSE,STK,3456,INE155A01022,TMPV,EQ,,,,,TATA MOTORS PASS VEH LTD,329.0,337.75,329.0,334.5,334.5,349.6,,334.49,,,31933028,10622202263.3,294260,F1,1,,,,,,F&O + Cash,Automobile and Auto Components,333.75,333.375,334.125,334.125,333.375,0.75,0.2242152466367713,Narrow,Bullish,Above CPR,True,False,0.35,60,3324694725.35,Lower,False,No setup
2026-08-14,2026-08-14,CM,NSE,STK,16915,INE342J01019,ZFCVINDIA,EQ,,,,,ZF COM VE CTR SYS IND LTD,2616.2,2647.6,2608.0,2636.7,2625.0,2616.2,,2636.66,,,66941,176275336.8,8022,F1,1,,,,,,Cash Only,Automobile and Auto Components,2630.766666666667,2627.8,2633.7333333333336,2633.7333333333336,2627.8,5.933333333333394,0.22502876069835,Narrow,Bullish,Above CPR,True,False,0.2833333333333333,60,269621324.15,Overlapping,False,No setup
2026-08-14,2026-08-14,CM,NSE,STK,13106,INE289A01011,NAHARINDUS,EQ,,,,,NAHAR INDS ENT LTD,123.71,123.75,119.5,122.04,121.15,120.29,,122.3,,,12612,1533398.87,269,F1,1,,,,,,Cash Only,Unclassified,121.76333333333334,121.625,121.90166666666667,121.90166666666667,121.625,0.27666666666667084,0.22670162788157228,Narrow,Bullish,Above CPR,True,False,0.3,60,1370125.32,Higher,False,No setup
2026-08-14,2026-08-14,CM,NSE,STK,6543,INE137I01015,GRPLTD,EQ,,,,,GRP LIMITED,1992.8,2023.9,1981.4,2009.5,2015.0,1992.7,,2009.52,,,2169,4358341.9,267,F1,1,,,,,,Cash Only,Unclassified,2004.9333333333334,2002.65,2007.2166666666667,2007.2166666666667,2002.65,4.566666666666606,0.22725387741560618,Narrow,Bullish,Above CPR,True,False,0.2,60,3314992.45,Higher,True,Long
2026-08-14,2026-08-14,CM,NSE,STK,29492,INE215B01022,ORCHASP,EQ,,,,,ORCHASP LIMITED,1.5,1.5,1.41,1.46,1.48,1.48,,1.46,,,96412,140678.37,168,F1,1,,,,,,Cash Only,Unclassified,1.4566666666666668,1.455,1.4583333333333335,1.4583333333333335,1.455,0.0033333333333334103,0.2283105022831103,Narrow,Bullish,Above CPR,True,False,0.25,60,378396.025,Lower,True,No setup
2026-08-14,2026-08-14,CM,NSE,STK,8075,INE00R701025,DALBHARAT,EQ,,,,,DALMIA BHARAT LIMITED,1843.7,1849.0,1822.3,1842.0,1842.0,1834.6,,1842.0,,,83214,153164101.4,7260,F1,1,,,,,,F&O + Cash,Construction Materials,1837.7666666666667,1835.65,1839.8833333333332,1839.8833333333332,1835.65,4.233333333333121,0.22982265653274273,Narrow,Bullish,Above CPR,True,False,0.3333333333333333,60,379212084.45,Higher,False,No setup
2026-08-14,2026-08-14,CM,NSE,STK,21399,INE335W01016,GANGESSECU,EQ,,,,,GANGES SECURITIES LIMITED,116.61,119.75,116.45,118.51,116.45,116.22,,118.51,,,266,31426.2,11,F1,1,,,,,,Cash Only,Unclassified,118.23666666666666,118.1,118.37333333333333,118.37333333333333,118.1,0.27333333333334053,0.23064157736337906,Narrow,Bullish,Above CPR,True,False,0.3,60,138362.84,Inside,False,No setup
2026-08-14,2026-08-14,CM,NSE,STK,17635,INE768C01028,ZYDUSWELL,EQ,,,,,ZYDUS WELLNESS LIMITED,505.95,513.0,504.0,510.3,510.0,505.45,,510.3,,,116874,59445330.4,6565,F1,1,,,,,,Cash Only,Fast Moving Consumer Goods,509.09999999999997,508.5,509.69999999999993,509.69999999999993,508.5,1.1999999999999318,0.2351557907113329,Narrow,Bullish,Above CPR,True,False,0.13333333333333333,60,148069995.575,Higher,True,Long
2026-08-14,2026-08-14,CM,NSE,STK,1145,INE162A01010,GIPCL,EQ,,,,,GUJ IND POW CO. LTD,175.8,176.9,173.4,175.77,175.63,175.97,,175.77,,,461050,80794390.25,4843,F1,1,,,,,,Cash Only,Unclassified,175.35666666666668,175.15,175.56333333333336,175.56333333333336,175.15,0.4133333333333553,0.23515579071135875,Narrow,Bullish,Above CPR,True,False,0.23333333333333334,60,49824558.5,Overlapping,True,No setup
2026-08-14,2026-08-14,CM,NSE,STK,11522,INE161A01038,NIITLTD,EQ,,,,,NIIT LIMITED,96.25,96.9,93.52,95.55,95.25,96.39,,95.54,,,115693,11004673.95,1483,F1,1,,,,,,Cash Only,Unclassified,95.32333333333334,95.21000000000001,95.43666666666667,95.43666666666667,95.21000000000001,0.22666666666665947,0.237223094365944,Narrow,Bullish,Above CPR,True,False,0.2,60,67002025.41,Lower,True,No setup
2026-08-14,2026-08-14,CM,NSE,STK,19223,INE586V01016,TCIEXP,EQ,,,,,TCI EXPRESS LIMITED,557.4,567.0,548.7,559.85,556.45,557.4,,559.91,,,35028,19357676.15,1029,F1,1,,,,,,Cash Only,Unclassified,558.5166666666668,557.85,559.1833333333335,559.1833333333335,557.85,1.333333333333485,0.23815903069277214,Narrow,Bullish,Above CPR,True,False,0.21666666666666667,60,14562907.55,Overlapping,True,No setup
2026-08-14,2026-08-14,CM,NSE,STK,13332,INE343H01029,SOLARINDS,EQ,,,,,SOLAR INDUSTRIES (I) LTD,20290.0,20314.0,19480.0,19969.0,19969.0,20324.0,,19969.55,,,487516,9702316197.0,113264,F1,1,,,,,,F&O + Cash,Chemicals,19921.0,19897.0,19945.0,19945.0,19897.0,48.0,0.24037257749511742,Narrow,Bullish,Above CPR,True,False,0.2833333333333333,60,1880108390.0,Inside,False,No setup
2026-08-14,2026-08-14,CM,NSE,STK,15146,INE668F01031,JYOTHYLAB,EQ,,,,,JYOTHY LABS LIMITED,200.51,200.62,196.66,199.36,200.0,199.98,,199.36,,,301848,59979411.71,9049,F1,1,,,,,,Cash Only,Unclassified,198.88,198.64,199.12,199.12,198.64,0.4800000000000182,0.2407704654895757,Narrow,Bullish,Above CPR,True,False,0.3333333333333333,60,131969764.535,Inside,False,No setup
2026-08-14,2026-08-14,CM,NSE,STK,4116,INE550B01022,HBSL,EQ,,,,,HB STOCKHOLDINGS LIMITED,55.5,60.0,55.5,57.96,57.95,57.58,,57.96,,,4918,288398.75,97,F1,1,,,,,,Cash Only,Unclassified,57.82,57.75,57.89,57.89,57.75,0.14000000000000057,0.24154589371980775,Narrow,Bullish,Above CPR,True,False,0.1,60,306662.96499999997,Higher,True,Long
2026-08-14,2026-08-14,CM,NSE,STK,14385,INE063E01061,POCL,EQ,,,,,PONDY OXIDES & CHEM LTD,493.9,495.8,484.5,491.95,492.5,494.05,,491.94,,,286907,140361062.45,7449,F1,1,,,,,,Cash Only,Unclassified,490.75,490.15,491.35,491.35,490.15,1.2000000000000455,0.2439272283768768,Narrow,Bullish,Above CPR,True,False,0.2833333333333333,60,276769927.4,Lower,False,No setup
2026-08-14,2026-08-14,CM,NSE,STK,762695,INE926B01016,GRANDOAK,EQ,,,,,GRAND OAK CANYONS DIST L,39.0,39.0,37.2,38.24,37.2,37.42,,38.27,,,1025,39213.2,37,F1,1,,,,,,Cash Only,Unclassified,38.14666666666667,38.1,38.193333333333335,38.193333333333335,38.1,0.09333333333333371,0.2440725244072534,Narrow,Bullish,Above CPR,True,False,0.15,60,419770.63,Inside,True,No setup
2026-08-14,2026-08-14,CM,NSE,STK,18321,INE337A01034,LGBBROSLTD,EQ,,,,,LG BALAKRISHNAN & BROS,1590.0,1601.5,1580.0,1596.7,1593.6,1591.2,,1596.67,,,18048,28724313.0,2795,F1,1,,,,,,Cash Only,Unclassified,1592.7333333333333,1590.75,1594.7166666666667,1594.7166666666667,1590.75,3.966666666666697,0.24842905158556378,Narrow,Bullish,Above CPR,True,False,0.38333333333333336,60,32299129.95,Overlapping,False,No setup
